cluster,A,B,C,A-,B-
0,3.2972972972972974,35.027027027027025,2.8378378378378377,12.511722589459458,11.379002587135137
1,3.943661971830986,5.591549295774648,4.23943661971831,11.461897609507043,7.937631790971832
2,3.0,64.0,5.0,13.070870052857144,11.117076707285715
3,3.681318681318681,19.0,3.5934065934065935,12.439457441351648,9.65858228275824
