cluster,Width,Complexity,Fifo,Multiplier,Energy-,Inv_runtime-
0,4.837837837837838,0.5135135135135135,2.4054054054054053,7.6,7.3277852004756765,4.966555727345946
1,4.837837837837838,0.5135135135135135,2.4054054054054053,100.0,9.77507121508108,5.105236191702702
2,4.837837837837838,0.5135135135135135,2.4054054054054053,50.0,8.95002726927027,5.101591844513513
