cluster,A,B,C,D,E,F,G,H,I,J,K,A-,B-
0,1.0,0.5,0.0,0.5,0.0,0.5,0.5,0.5,0.5,0.5,0.5,234.379453125,22.46484375
1,1.0,0.75,0.6666666666666666,0.5,1.0,0.5,1.0,0.5,0.75,0.25,0.5,237.97463541666664,22.802083333333332
2,1.0,0.25,0.6666666666666666,0.5,1.0,0.5,1.0,0.5,0.25,0.75,0.5,238.70953125000003,21.963541666666668
3,1.0,0.5,0.6666666666666666,0.5,1.0,0.5,0.0,1.0,0.5,0.5,0.5,245.13593749999998,16.322916666666668
4,1.0,0.5026178010471204,0.6649214659685864,0.5026178010471204,1.0,0.5026178010471204,0.0,0.0,0.5026178010471204,0.5026178010471204,0.5026178010471204,229.5493717277487,28.104712041884817
