cluster,F,Smoother,ColorGS,RelaxParameter,V,Jacobi,Line,ZebraLine,Cycle,Alpha,Beta,PreSmoothing,PostSmoothing,NumberIterations-, TimeToSolution- 
0,0.49879944119444686,1.0,0.2587575307779621,0.5167074129049157,0.5012005588055531,0.22158386448965336,0.2598183881952327,0.25984021653715184,1.0,59.91408364620624,59.932812363572864,4.050493320527373,4.050362350475858,12.173661922640356,188.43165393784398
1,0.47926150733434497,1.0,0.0,0.006069802731411229,0.5207384926656551,1.0,0.0,0.0,1.0,60.04805260495701,59.917804754678805,4.1760242792109254,4.1980273141122915,500.6795649974709,8536.689633029844
2,0.7750775594622544,1.0,0.0,0.0,0.2249224405377456,1.0,0.0,0.0,1.0,60.85573940020682,58.25491209927611,6.190796277145812,6.16546018614271,501.0,13027.465341778698
3,0.4603354487760653,1.0,0.12896645512239346,0.2944242973708069,0.5396645512239348,0.7243880326382592,0.07388939256572982,0.0727561196736174,1.0,64.042384406165,64.32683590208522,2.9730281051677245,2.9712148685403443,378.3073436083409,4311.586372620127
