cluster,No_mbtree,No_asm,No_cabac,No_scenecut,Aq_strength,Bframes,Qcomp,Qp,Ref,Rc_lookahead,B_bias,Threads,Keyint,Crf,Scenecut,Seek,Ipratio,PSNR-,Energy-
0,0.23397066873029954,0.23402729280308035,0.23397066873029954,0.23397066873029954,1.0796870576244313,12.289009267473245,0.6119382420112871,25.424831543383476,4.414941205337763,118.81083784753025,0.5018214076744494,59.25482720220457,483.4414601460901,29.883941412959363,49.90587191634737,516.724127517412,1.1158566278477189,44.447176802881415,1658.0043165440316
1,0.273972602739726,0.273972602739726,0.273972602739726,0.273972602739726,5.989726027397261,13.095890410958905,3.910958904109589,27.133561643835616,5.623287671232877,115.26712328767124,-4.332191780821918,64.28424657534246,474.972602739726,267010273972602.75,46.034246575342465,598.8801369863014,7.390410958904109,50.76327397260274,1875.0122111806504
2,0.20408163265306123,0.20408163265306123,0.20408163265306123,0.20408163265306123,6.510204081632653,12.357142857142858,3.6530612244897958,25.908163265306122,4.755102040816326,141.3673469387755,5.63265306122449,59.275510204081634,530.4897959183673,443306122448979.56,48.36734693877551,641.9081632653061,9.13265306122449,51.03910204081633,1457.7094532132141
3,0.20725388601036268,0.20725388601036268,0.20725388601036268,0.20725388601036268,11.77720207253886,14.238341968911918,3.5129533678756477,27.072538860103627,5.134715025906735,123.65803108808291,-1.7357512953367875,59.75647668393783,504.20725388601034,360787564766839.4,49.38341968911917,651.1088082901555,7.067357512953368,50.10981347150259,1532.083744210881
