cluster,A,B,C,A-,B-
0,3.6363636363636362,34.63636363636363,3.090909090909091,12.777808249090908,11.521551989272727
1,4.125,15.5,3.75,12.610171799875,9.5796264515
2,3.923076923076923,7.6923076923076925,4.076923076923077,12.061088661307691,8.920217870384615
3,4.666666666666667,24.5,3.6666666666666665,13.588190533333332,10.5560701855
4,2.9166666666666665,2.4166666666666665,5.0,9.821003717583332,6.017647508333333
