cluster,A,B,C,A-,B-
0,4.0,5.6875,4.125,11.490309238,8.0038090261875
1,3.727272727272727,35.27272727272727,2.6363636363636362,12.958672307272728,11.577759409272728
2,1.5,64.0,5.0,11.6257472,9.998989469
3,3.5238095238095237,17.714285714285715,3.7142857142857144,12.231530706714285,9.521963961904763
