cluster,A,B,C,A-,B-
0,3.888888888888889,6.055555555555555,3.888888888888889,11.549981478888888,8.184008546222223
1,2.6363636363636362,34.90909090909091,2.8181818181818183,11.905967664545454,10.831539156727272
2,0.5,64.0,5.0,11.305679145,9.1880050305
3,3.6842105263157894,19.105263157894736,3.5789473684210527,12.408123277105263,9.691550443842104
