cluster,A,B,C,A-,B-
0,4.25,5.125,4.25,11.610385098437499,7.731750121875
1,3.857142857142857,35.0,3.0,13.090413187142858,11.76873786857143
2,2.8,17.68,3.72,11.658280074039999,9.10380194816
3,1.0,64.0,5.0,11.678169765,9.5688758715
