cluster,A,B,C,A-,B-
0,2.9473684210526314,6.368421052631579,4.421052631578948,10.93844093131579,7.642456344421052
1,3.3333333333333335,35.111111111111114,2.7777777777777777,12.465911095555555,11.563696098555557
2,1.5,64.0,5.0,12.03466924,10.0275513515
3,3.4,18.0,3.75,12.2274297075,9.3622590276
