cluster,A,B,C,A-,B-
0,1.5,64.0,5.0,11.6257472,9.998989469
1,4.882352941176471,19.941176470588236,3.5294117647058822,13.413769439352942,10.312567004117646
2,3.8461538461538463,35.46153846153846,2.6153846153846154,12.799909921538461,11.896338649846154
3,3.3333333333333335,6.722222222222222,4.0,11.22819154727778,8.193189437055556
