cluster,A,B,C,A-,B-
0,4.090909090909091,19.772727272727273,3.6818181818181817,12.79066996459091,10.1654125985
1,3.4210526315789473,5.842105263157895,4.157894736842105,11.134305521842105,7.820870641631579
2,5.5,64.0,5.0,15.253962075,12.733940969999999
3,2.0,34.57142857142857,2.857142857142857,11.63524019142857,10.268903502428572
