cluster,A,B,C,A-,B-
0,3.272727272727273,19.818181818181817,3.4545454545454546,12.100609942363635,9.459362791863636
1,3.9473684210526314,5.7894736842105265,4.2105263157894735,11.476668882526315,8.126186775526316
2,6.0,64.0,5.0,15.7624599,12.82026986
3,3.25,34.875,2.625,12.71120349875,11.376644725625
