cluster,A,B,C,A-,B-
0,3.3333333333333335,34.833333333333336,2.6666666666666665,12.625173731666665,11.421316643833334
1,4.1,18.5,3.65,12.79888832695,9.838372221
2,3.4,64.0,5.0,13.506319404,11.3808414106
3,3.230769230769231,5.153846153846154,4.153846153846154,10.869683548538461,7.445581179692307
