cluster,A,B,C,A-,B-
0,3.789473684210526,6.157894736842105,4.2105263157894735,11.507431799315789,8.156713917947368
1,3.3636363636363638,35.36363636363637,2.3636363636363638,12.310448094545455,11.682121914090908
2,1.5,64.0,5.0,11.6257472,9.998989469
3,3.0,19.61111111111111,3.6666666666666665,11.88091134,9.226876457277777
