cluster,A,B,C,A-,B-
0,3.0454545454545454,5.454545454545454,4.545454545454546,10.812749866818182,7.345882102909091
1,3.5,35.7,2.1,12.507939631000001,11.812545139200001
2,3.764705882352941,17.58823529411765,3.6470588235294117,12.433251976294118,9.563209979117646
3,6.0,64.0,5.0,15.7624599,12.82026986
