cluster,A,B,C,A-,B-
0,3.6666666666666665,18.625,3.625,12.371981275916667,9.737428709791667
1,4.466666666666667,5.2,4.466666666666667,11.900585965933335,7.766433134733333
2,3.3333333333333335,64.0,5.0,13.15164628,11.441561219999999
3,2.75,34.5,3.25,12.09259765875,10.883856215625
