cluster,A,B,C,A-,B-
0,3.625,18.375,3.7083333333333335,12.386161322041666,9.448976472958334
1,4.285714285714286,34.42857142857143,3.142857142857143,13.289249945714285,11.988419862714284
2,3.6666666666666665,64.0,5.0,13.490644829999999,11.499113813333333
3,5.1875,5.625,4.25,12.6131973535625,8.5799346775625
