cluster,A,B,C,A-,B-
0,3.5,35.142857142857146,2.7142857142857144,12.498671931428571,11.6509920415
1,4.777777777777778,16.22222222222222,3.7777777777777777,13.161206576666666,10.295717816333333
2,3.0714285714285716,4.285714285714286,4.357142857142857,10.350487734928572,7.078451171785714
3,4.846153846153846,23.384615384615383,3.6153846153846154,13.644921509230768,10.666456764692308
