cluster,A,B,C,A-,B-
0,2.375,35.375,2.75,11.5644881575,10.76047984675
1,3.5294117647058822,5.294117647058823,4.470588235294118,11.048943807176471,7.371582673647059
2,4.391304347826087,17.47826086956522,3.652173913043478,12.905982528869565,9.998880250347826
3,4.5,64.0,5.0,14.236848335,12.058740565
