cluster,A,B,C,A-,B-
0,3.8,19.7,3.5,12.521091027599999,9.68377437555
1,2.0,64.0,5.0,12.34122429,10.478775037666667
2,3.8823529411764706,5.529411764705882,4.0,11.292361183117649,7.924240060647058
3,2.7,34.8,3.1,12.137878849,10.9154914622
