cluster,A,B,C,A-,B-
0,4.222222222222222,14.555555555555555,3.6666666666666665,12.589824378888888,9.914569621
1,3.5555555555555554,34.666666666666664,3.2222222222222223,12.75707825111111,11.395508760333334
2,3.625,21.8125,3.5625,12.5817926481875,9.8109480530625
3,3.8125,5.8125,4.25,11.375391446875,7.97791377575
