cluster,A,B,C,A-,B-
0,3.6666666666666665,5.777777777777778,4.111111111111111,11.286885437166667,7.951013993777778
1,4.791666666666667,19.458333333333332,3.5416666666666665,13.335903919041668,10.276427423374999
2,2.5,64.0,5.0,12.354737295,10.83853579
3,2.5,34.833333333333336,3.3333333333333335,11.774393221666665,10.898168297
