cluster,A,B,C,A-,B-
0,3.111111111111111,35.22222222222222,2.6666666666666665,12.236762455555557,11.328305304666666
1,5.375,6.0625,4.1875,12.8412932443125,8.6421172948125
2,3.2777777777777777,15.833333333333334,3.5555555555555554,11.885531012722222,9.151432249444445
3,6.0,64.0,5.0,15.7624599,12.82026986
4,5.166666666666667,24.5,3.5,13.955886395,10.645167053166666
