cluster,A,B,C,A-,B-
0,2.8125,17.375,3.8125,11.689825801125,9.0034617023125
1,4.0,5.473684210526316,4.315789473684211,11.601448465105264,7.5970527936842105
2,4.0,64.0,5.0,13.809343686666667,11.83290118
3,1.75,34.5,3.5,11.427640089166667,10.047163201833333
