cluster,Width,Complexity,Fifo,Multiplier,Energy-,Inv_runtime-
0,4.926829268292683,0.5609756097560976,2.268292682926829,3.8780487804878048,7.09884787107317,4.941190516365854
1,5.5,0.16666666666666666,2.0,100.0,9.713728398666666,5.115683583833333
2,4.8,0.8,2.8,50.0,8.9808897288,5.1023039064
3,4.875,0.875,2.25,20.0,8.147394754,5.09090656675
