cluster,Width,Complexity,Fifo,Multiplier,Energy-,Inv_runtime-
0,5.103448275862069,0.4827586206896552,2.5172413793103448,4.586206896551724,7.0892069665862065,4.949912346724138
1,5.7,0.5,2.2,50.0,8.8886685164,5.1109048843
2,4.75,0.625,2.5,100.0,9.7987552795,5.098547242625
3,4.461538461538462,0.46153846153846156,2.6153846153846154,20.0,8.086195195307692,5.0882693536153845
