cluster,Width,Complexity,Fifo,Multiplier,Energy-,Inv_runtime-
0,4.5,0.5,2.0,20.0,8.0965881848,5.086885586799999
1,4.555555555555555,0.4444444444444444,2.4444444444444446,100.0,9.787430269333333,5.098982698666667
2,5.0,0.36666666666666664,2.433333333333333,4.033333333333333,7.005825176933333,4.934314673366667
3,4.818181818181818,0.5454545454545454,2.4545454545454546,50.0,8.966263449363636,5.099036200454545
