cluster,Width,Complexity,Fifo,Multiplier,Energy-,Inv_runtime-
0,4.975609756097561,0.5853658536585366,2.2439024390243905,6.902439024390244,7.246140085609756,4.992774967829268
1,5.111111111111111,0.5555555555555556,2.111111111111111,100.0,9.756333706666666,5.109733382666667
2,4.9,0.6,2.5,50.0,8.9547831062,5.1025601951
