cluster,Width,Complexity,Fifo,Multiplier,Energy-,Inv_runtime-
0,4.945945945945946,0.5135135135135135,2.3513513513513513,4.513513513513513,7.142202112243242,4.91554682472973
1,5.5,0.5,2.1666666666666665,100.0,9.740779871333332,5.1122151481666664
2,4.166666666666667,0.6666666666666666,2.5,50.0,9.029050102,5.092446176833334
3,4.454545454545454,0.5454545454545454,2.1818181818181817,20.0,8.100538580363636,5.0894839560000005
