cluster,Width,Complexity,Fifo,Multiplier,Energy-,Inv_runtime-
0,4.7272727272727275,0.45454545454545453,2.090909090909091,50.0,8.949338775818182,5.102323105818182
1,4.702702702702703,0.4864864864864865,2.2432432432432434,2.891891891891892,7.069524716567568,4.841854535432432
2,4.333333333333333,0.6666666666666666,1.6666666666666667,100.0,9.779423850999999,5.108783352333333
3,4.888888888888889,0.3333333333333333,2.111111111111111,20.0,7.943338471777778,5.105557169222222
