cluster,Width,Complexity,Fifo,Multiplier,Energy-,Inv_runtime-
0,4.794871794871795,0.5897435897435898,2.358974358974359,6.410256410256411,7.292360413153847,4.954168023846154
1,5.3,0.3,1.9,100.0,9.7340158479,5.1121079797
2,5.090909090909091,0.45454545454545453,2.5454545454545454,50.0,8.906983840363637,5.107869279818182
