cluster,Width,Complexity,Fifo,Multiplier,Energy-,Inv_runtime-
0,4.735294117647059,0.5294117647058824,2.235294117647059,4.764705882352941,7.225606142882353,4.932240865911765
1,4.545454545454546,0.45454545454545453,2.909090909090909,100.0,9.788495837818182,5.101181406
2,6.142857142857143,0.2857142857142857,2.7142857142857144,50.0,8.830765112142858,5.118331327857143
3,5.375,0.375,2.125,20.0,7.956460074875,5.10201518275
