cluster,Width,Complexity,Fifo,Multiplier,Energy-,Inv_runtime-
0,4.6571428571428575,0.42857142857142855,2.5428571428571427,3.942857142857143,7.121721204028571,4.885959632314285
1,4.777777777777778,0.5555555555555556,2.2222222222222223,100.0,9.77075935511111,5.108771369777778
2,5.222222222222222,0.2222222222222222,2.4444444444444446,50.0,8.872394721222223,5.1093544563333335
3,4.285714285714286,0.2857142857142857,2.142857142857143,20.0,8.101250600857144,5.081160396714286
