cluster,Width,Complexity,Fifo,Multiplier,Energy-,Inv_runtime-
0,3.5,0.375,2.125,100.0,9.851264071625,5.0821430575
1,5.052631578947368,0.39473684210526316,2.4210526315789473,8.342105263157896,7.27866123068421,5.003123185421053
2,4.571428571428571,0.6428571428571429,2.4285714285714284,50.0,9.008045043,5.093814752214286
