cluster,Width,Complexity,Fifo,Multiplier,Energy-,Inv_runtime-
0,4.815789473684211,0.5789473684210527,2.1578947368421053,3.789473684210526,7.1433311889999995,4.892992231184211
1,5.625,0.5,1.75,100.0,9.741863981,5.112580941625
2,4.428571428571429,0.2857142857142857,3.0,50.0,8.926184804285715,5.101980729571429
3,4.428571428571429,0.42857142857142855,2.0,20.0,8.089331661571428,5.0872728217142855
