cluster,Width,Complexity,Fifo,Multiplier,Energy-,Inv_runtime-
0,5.1875,0.53125,2.3125,4.15625,7.06544477909375,4.916689353625
1,3.8,0.8,2.6,100.0,9.864715323999999,5.0868802662
2,4.777777777777778,0.6666666666666666,2.0,50.0,8.964055991555556,5.102087837
3,5.071428571428571,0.6428571428571429,2.0,20.0,8.040774839142857,5.097886067714286
