cluster,Width,Complexity,Fifo,Multiplier,Energy-,Inv_runtime-
0,5.615384615384615,0.5384615384615384,2.076923076923077,100.0,9.738252806153845,5.1154503010769234
1,4.636363636363637,0.5454545454545454,2.727272727272727,20.0,8.081281202181819,5.090887311909091
2,4.607142857142857,0.2857142857142857,2.25,3.7857142857142856,7.043000307321429,4.9014214019999995
3,5.0,0.625,2.875,50.0,8.9541207755,5.1045242787500005
