cluster,Width,Complexity,Fifo,Multiplier,Energy-,Inv_runtime-
0,4.942857142857143,0.5142857142857142,2.3714285714285714,5.285714285714286,7.195327430371429,4.966310951542857
1,5.25,0.5,3.0,100.0,9.741830581999999,5.11453177475
2,4.888888888888889,0.4444444444444444,2.5555555555555554,50.0,8.931260531,5.105634076333334
3,5.125,0.5,1.375,20.0,8.07080861075,5.088564412375
