cluster,Width,Complexity,Fifo,Multiplier,Energy-,Inv_runtime-
0,4.428571428571429,0.2857142857142857,1.8571428571428572,20.0,8.035336205285715,5.090816142857143
1,4.625,0.5,2.375,100.0,9.7856266585,5.1026523575
2,5.051282051282051,0.46153846153846156,2.4358974358974357,3.769230769230769,7.0209833691282055,4.939487235410256
3,5.166666666666667,0.3333333333333333,2.6666666666666665,50.0,8.880202806,5.1102211575
