cluster,Width,Complexity,Fifo,Multiplier,Energy-,Inv_runtime-
0,4.914285714285715,0.42857142857142855,2.6,4.628571428571429,7.103123101485714,4.964418446571429
1,5.5,0.5,1.0,100.0,9.724833707999998,5.119696189
2,4.909090909090909,0.6363636363636364,2.0,50.0,8.924752241272728,5.110762881727273
3,5.166666666666667,0.5833333333333334,2.25,20.0,8.021460414916668,5.098257540916666
