cluster,Width,Complexity,Fifo,Multiplier,Energy-,Inv_runtime-
0,4.714285714285714,0.7142857142857143,2.7142857142857144,20.0,8.143338764285714,5.088389358571428
1,4.75,0.625,2.125,100.0,9.799632883874999,5.098762922500001
2,4.9743589743589745,0.6153846153846154,2.4615384615384617,3.9743589743589745,7.125281437230769,4.93818894823077
3,4.833333333333333,0.5,2.3333333333333335,50.0,8.9746857425,5.09803701
