cluster,Width,Complexity,Fifo,Multiplier,Energy-,Inv_runtime-
0,5.1,0.7,2.8,50.0,8.9646295646,5.1030827815
1,4.473684210526316,0.42105263157894735,2.526315789473684,14.210526315789474,7.808498494473684,5.077714578210526
2,5.857142857142857,0.5714285714285714,2.0,100.0,9.729030208,5.118717974428571
3,4.916666666666667,0.6666666666666666,2.375,1.9166666666666667,7.034905789791666,4.816696729375
