cluster,Width,Complexity,Fifo,Multiplier,Energy-,Inv_runtime-
0,4.928571428571429,0.5,2.2142857142857144,100.0,9.765846646,5.108112884642857
1,4.612903225806452,0.41935483870967744,2.161290322580645,4.838709677419355,7.179220375516129,4.92646789367742
2,5.714285714285714,0.5714285714285714,1.4285714285714286,50.0,8.883286882714286,5.115379565
3,4.875,0.75,2.5,20.0,8.13046774325,5.087496074625
