cluster,Width,Complexity,Fifo,Multiplier,Energy-,Inv_runtime-
0,4.918918918918919,0.5135135135135135,2.4594594594594597,7.027027027027027,7.2972749476756755,4.960307568918918
1,5.0,0.2727272727272727,3.090909090909091,100.0,9.739465516363635,5.110916486636364
2,4.5,0.5,2.5833333333333335,50.0,8.974759057916666,5.09753096075
