cluster,A,B,C,D,E,F,G,H,I,J,K,A-,B-
0,1.0,0.4642857142857143,0.0,0.5416666666666666,0.0,0.47023809523809523,0.5178571428571429,0.4523809523809524,0.5,0.48214285714285715,0.4642857142857143,232.77803571428572,23.05952380952381
1,1.0,0.0,0.6776859504132231,0.5041322314049587,1.0,0.0,0.4793388429752066,0.47107438016528924,0.5289256198347108,0.5041322314049587,0.5041322314049587,236.0904958677686,22.462809917355372
2,1.0,1.0,0.6557377049180327,0.47540983606557374,1.0,0.4918032786885246,0.4918032786885246,1.0,0.5163934426229508,0.48360655737704916,0.5163934426229508,246.98008196721312,16.39344262295082
3,1.0,0.0,0.6386554621848739,0.5126050420168067,1.0,1.0,0.4789915966386555,0.5126050420168067,0.48739495798319327,0.5042016806722689,0.5126050420168067,237.3279831932773,22.22689075630252
4,1.0,1.0,0.6833333333333333,0.5583333333333333,1.0,0.5416666666666666,0.525,0.0,0.4583333333333333,0.4583333333333333,0.48333333333333334,229.60516666666666,28.141666666666666
