cluster,A,B,C,D,E,F,G,H,I,J,K,A-,B-
0,1.0,0.5166666666666667,0.65,0.525,1.0,0.48333333333333334,0.5,1.0,0.49166666666666664,0.4583333333333333,1.0,257.26958333333334,15.816666666666666
1,1.0,0.4827586206896552,0.7155172413793104,0.4827586206896552,1.0,0.49137931034482757,0.45689655172413796,0.46551724137931033,0.45689655172413796,1.0,0.0,239.69939655172413,23.20689655172414
2,1.0,0.5,0.7049180327868853,0.5245901639344263,1.0,0.5,0.45901639344262296,0.4918032786885246,0.5,0.0,0.0,218.10918032786884,22.598360655737704
3,1.0,0.5040650406504065,0.6910569105691057,0.44715447154471544,1.0,0.5203252032520326,0.4796747967479675,0.0,0.5040650406504065,0.5447154471544715,1.0,236.20382113821137,27.902439024390244
4,1.0,0.5088757396449705,0.0,0.47928994082840237,0.0,0.4970414201183432,0.48520710059171596,0.5621301775147929,0.4970414201183432,0.4911242603550296,0.5029585798816568,235.20917159763312,21.71005917159763
