cluster,A,B,C,D,E,F,G,H,I,J,K,A-,B-
0,1.0,0.7142857142857143,0.8571428571428571,0.6,1.0,0.6571428571428571,1.0,0.14285714285714285,0.6857142857142857,0.4857142857142857,0.4,234.2442857142857,26.857142857142858
1,1.0,0.7083333333333334,0.0,0.041666666666666664,0.3333333333333333,0.5416666666666666,0.4583333333333333,0.625,0.5,0.6666666666666666,0.7083333333333334,242.85,21.041666666666668
2,1.0,0.2,0.0,0.96,0.28,0.16,0.28,0.56,0.56,0.32,0.28,227.4368,21.84
3,1.0,0.6071428571428571,0.9285714285714286,0.6785714285714286,1.0,0.4642857142857143,0.21428571428571427,0.7857142857142857,0.5714285714285714,0.8571428571428571,0.10714285714285714,243.68142857142857,19.714285714285715
4,1.0,0.3888888888888889,0.7777777777777778,0.2777777777777778,1.0,0.6111111111111112,0.0,0.2777777777777778,0.5,0.2222222222222222,0.9444444444444444,235.70666666666668,24.333333333333332
