cluster,A,B,C,D,E,F,G,H,I,J,K,A-,B-
0,1.0,0.10526315789473684,0.8421052631578947,0.5263157894736842,1.0,0.42105263157894735,0.5789473684210527,0.9473684210526315,0.47368421052631576,0.2631578947368421,0.10526315789473684,232.73263157894738,17.0
1,1.0,0.8,0.9,0.6666666666666666,1.0,0.8666666666666667,0.3333333333333333,0.26666666666666666,0.26666666666666666,0.26666666666666666,0.4666666666666667,228.611,24.533333333333335
2,1.0,0.9166666666666666,0.9166666666666666,0.5833333333333334,1.0,0.041666666666666664,0.6666666666666666,0.625,0.5416666666666666,0.875,0.7916666666666666,252.16750000000002,20.833333333333332
3,1.0,0.15789473684210525,0.3157894736842105,0.3157894736842105,0.7894736842105263,0.3157894736842105,0.15789473684210525,0.3157894736842105,0.21052631578947367,0.3684210526315789,0.9473684210526315,234.00052631578947,23.157894736842106
4,1.0,0.4090909090909091,0.0,0.22727272727272727,0.5,0.8636363636363636,0.8181818181818182,0.13636363636363635,0.6818181818181818,0.6818181818181818,0.5,237.1559090909091,26.772727272727273
5,1.0,0.9375,0.0,0.8125,0.125,0.5,0.375,0.75,0.8125,0.4375,0.4375,239.819375,20.5625
