cluster,A,B,C,D,E,F,G,H,I,J,K,A-,B-
0,1.0,0.5769230769230769,0.9615384615384616,0.46153846153846156,1.0,1.0,0.7307692307692307,0.9615384615384616,0.6153846153846154,0.38461538461538464,0.23076923076923078,242.08961538461537,17.26923076923077
1,1.0,0.6818181818181818,0.5454545454545454,0.5,1.0,0.09090909090909091,0.9545454545454546,0.45454545454545453,0.5454545454545454,0.9545454545454546,0.5454545454545454,246.12863636363636,23.272727272727273
2,1.0,0.4666666666666667,0.0,0.26666666666666666,0.06666666666666667,0.2,0.7333333333333333,0.8666666666666667,0.26666666666666666,0.4,0.4666666666666667,234.616,17.533333333333335
3,1.0,0.56,0.8,0.88,1.0,0.68,0.04,0.24,0.44,0.52,0.84,239.072,24.56
4,1.0,0.1,0.9,0.2,1.0,0.15,0.2,0.25,0.35,0.65,0.25,228.119,25.45
5,1.0,0.7727272727272727,0.0,0.36363636363636365,0.3181818181818182,0.7727272727272727,0.18181818181818182,0.18181818181818182,0.45454545454545453,0.2727272727272727,0.36363636363636365,223.89954545454546,26.272727272727273
