cluster,A,B,C,D,E,F,G,H,I,J,K,A-,B-
0,1.0,0.4779874213836478,0.0,0.5094339622641509,0.0,0.5031446540880503,0.5283018867924528,0.5345911949685535,0.49056603773584906,0.4968553459119497,0.5031446540880503,234.75333333333333,22.0125786163522
1,1.0,0.49242424242424243,0.6742424242424242,0.48484848484848486,1.0,0.48484848484848486,0.48484848484848486,0.5378787878787878,0.0,0.0,0.48484848484848486,226.16750000000002,20.03030303030303
2,1.0,0.5803571428571429,0.6875,0.5089285714285714,1.0,0.49107142857142855,0.45535714285714285,0.45535714285714285,0.0,1.0,0.5,238.31392857142856,22.223214285714285
3,1.0,0.464,0.656,1.0,1.0,0.496,0.512,0.488,1.0,0.528,0.52,244.85992000000002,23.68
4,1.0,0.5409836065573771,0.6721311475409836,0.0,1.0,0.5163934426229508,0.4918032786885246,0.4672131147540984,1.0,0.4344262295081967,0.5081967213114754,242.30819672131148,23.704918032786885
