cluster,A,B,C,D,E,F,G,H,I,J,K,A-,B-
0,1.0,0.47107438016528924,0.6859504132231405,0.0,1.0,0.512396694214876,0.512396694214876,1.0,0.4132231404958678,0.512396694214876,0.5537190082644629,246.51619834710743,15.900826446280991
1,1.0,0.45454545454545453,0.6611570247933884,1.0,1.0,0.5537190082644629,0.4793388429752066,1.0,0.49586776859504134,0.5041322314049587,0.4793388429752066,246.16297520661158,16.388429752066116
2,1.0,0.4860335195530726,0.0,0.48044692737430167,0.0,0.5195530726256983,0.5027932960893855,0.4581005586592179,0.5139664804469274,0.4860335195530726,0.5307262569832403,234.27569832402233,22.921787709497206
3,1.0,0.4642857142857143,0.6785714285714286,1.0,1.0,0.5089285714285714,0.5178571428571429,0.0,0.5446428571428571,0.4642857142857143,0.5625,230.67214285714286,28.196428571428573
4,1.0,0.5384615384615384,0.717948717948718,0.0,1.0,0.5213675213675214,0.49572649572649574,0.0,0.4700854700854701,0.5982905982905983,0.49572649572649574,230.96418803418806,28.128205128205128
