cluster,A,B,C,D,E,F,G,H,I,J,K,A-,B-
0,1.0,0.7307692307692307,0.8461538461538461,0.38461538461538464,1.0,0.3076923076923077,0.11538461538461539,0.8076923076923077,0.8076923076923077,0.6538461538461539,0.11538461538461539,242.37076923076924,19.846153846153847
1,1.0,0.16666666666666666,0.5833333333333334,0.7916666666666666,1.0,0.5833333333333334,0.75,0.16666666666666666,0.25,0.9166666666666666,0.7916666666666666,238.34833333333333,26.25
2,1.0,0.47619047619047616,0.0,0.5714285714285714,0.09523809523809523,0.5238095238095238,0.19047619047619047,0.09523809523809523,0.5714285714285714,0.38095238095238093,0.38095238095238093,225.10714285714286,27.238095238095237
3,1.0,0.7142857142857143,0.0,0.5,0.35714285714285715,0.5,0.6428571428571429,1.0,0.5,0.7142857142857143,1.0,256.06357142857144,16.428571428571427
4,1.0,0.2727272727272727,0.8181818181818182,0.5454545454545454,1.0,0.8181818181818182,0.22727272727272727,0.7272727272727273,0.5,0.045454545454545456,0.9090909090909091,249.28727272727272,18.136363636363637
5,1.0,0.782608695652174,0.7391304347826086,0.08695652173913043,1.0,0.21739130434782608,0.6521739130434783,0.2608695652173913,0.043478260869565216,0.6521739130434783,0.21739130434782608,227.97565217391306,24.434782608695652
