cluster,A,B,C,D,E,F,G,H,I,J,K,A-,B-
0,1.0,0.14285714285714285,0.9523809523809523,0.7142857142857143,1.0,0.8571428571428571,0.42857142857142855,0.47619047619047616,0.42857142857142855,0.09523809523809523,0.42857142857142855,226.6538095238095,22.047619047619047
1,1.0,0.8636363636363636,0.8181818181818182,0.13636363636363635,1.0,0.22727272727272727,0.7727272727272727,0.5454545454545454,0.4090909090909091,0.0,0.4090909090909091,229.75454545454548,21.272727272727273
2,1.0,0.5151515151515151,0.8787878787878788,0.36363636363636365,1.0,0.6060606060606061,0.8181818181818182,0.6666666666666666,0.696969696969697,1.0,0.30303030303030304,249.52272727272728,21.666666666666668
3,1.0,0.7741935483870968,0.0967741935483871,0.6774193548387096,0.4838709677419355,0.5483870967741935,0.0967741935483871,0.5161290322580645,0.22580645161290322,0.7741935483870968,0.6129032258064516,239.15290322580645,21.677419354838708
4,1.0,0.17391304347826086,0.0,0.5652173913043478,0.34782608695652173,0.43478260869565216,0.5652173913043478,0.43478260869565216,0.9130434782608695,0.30434782608695654,0.17391304347826086,229.97260869565216,23.956521739130434
