cluster,A,B,C,D,E,F,G,H,I,J,K,A-,B-
0,1.0,0.5217391304347826,0.6956521739130435,0.5304347826086957,1.0,0.0,0.5652173913043478,0.46956521739130436,0.48695652173913045,0.5304347826086957,0.0,229.1141739130435,22.956521739130434
1,1.0,0.472,0.672,0.496,1.0,1.0,0.48,0.568,0.512,1.0,0.528,247.9296,22.016
2,1.0,0.49390243902439024,0.0,0.49390243902439024,0.0,0.5121951219512195,0.4573170731707317,0.524390243902439,0.4695121951219512,0.5182926829268293,0.4817073170731707,234.41054878048783,22.134146341463413
3,1.0,0.5042735042735043,0.6324786324786325,0.5641025641025641,1.0,0.0,0.5470085470085471,0.49572649572649574,0.49572649572649574,0.47863247863247865,1.0,244.62162393162393,21.974358974358974
4,1.0,0.4728682170542636,0.6589147286821705,0.4728682170542636,1.0,1.0,0.5271317829457365,0.5116279069767442,0.5271317829457365,0.0,0.5116279069767442,231.1670542635659,22.031007751937985
