cluster,A,B,C,D,E,F,G,H,I,J,K,A-,B-
0,1.0,0.5,0.0,0.5,0.0,0.5,0.5555555555555556,0.4444444444444444,0.3888888888888889,0.4444444444444444,0.4444444444444444,229.0475,23.0
1,1.0,0.1891891891891892,0.6756756756756757,0.32432432432432434,1.0,0.5945945945945946,0.5945945945945946,0.16216216216216217,0.4594594594594595,0.8108108108108109,0.1891891891891892,232.94945945945943,26.45945945945946
2,1.0,0.41379310344827586,0.6551724137931034,0.6551724137931034,1.0,0.7931034482758621,0.1724137931034483,0.8275862068965517,0.3448275862068966,0.2413793103448276,0.5517241379310345,243.13275862068963,17.24137931034483
3,1.0,0.8214285714285714,0.42857142857142855,0.6071428571428571,0.9642857142857143,0.14285714285714285,0.9642857142857143,0.5357142857142857,0.6428571428571429,0.5357142857142857,0.9285714285714286,246.84535714285715,22.214285714285715
