cluster,A,B,C,D,E,F,G,H,I,J,K,A-,B-
0,1.0,0.6086956521739131,0.0,0.43478260869565216,0.043478260869565216,0.5217391304347826,0.43478260869565216,0.8260869565217391,0.21739130434782608,0.782608695652174,0.5652173913043478,242.2034782608696,18.304347826086957
1,1.0,0.1,0.75,0.3,1.0,0.05,0.3,0.2,0.6,0.45,0.55,231.53249999999997,25.65
2,1.0,0.3793103448275862,0.896551724137931,0.7586206896551724,1.0,1.0,0.3793103448275862,0.5862068965517241,0.4482758620689655,0.7586206896551724,0.5862068965517241,244.0403448275862,21.275862068965516
3,1.0,0.5625,0.0,0.1875,0.0625,0.3125,0.625,0.0625,0.75,0.25,0.1875,223.61625,27.75
4,1.0,1.0,0.92,0.48,1.0,0.16,0.84,0.4,0.72,0.6,0.36,240.11,24.24
5,1.0,0.47058823529411764,0.23529411764705882,0.0,1.0,0.6470588235294118,0.7058823529411765,0.8235294117647058,0.6470588235294118,0.11764705882352941,0.6470588235294118,242.99,18.294117647058822
