cluster,A,B,C,D,E,F,G,H,I,J,K,A-,B-
0,1.0,0.45454545454545453,0.6776859504132231,0.0,1.0,0.0,0.4793388429752066,0.4793388429752066,0.48760330578512395,0.49586776859504134,0.5537190082644629,236.56165289256197,22.363636363636363
1,1.0,0.47580645161290325,0.6935483870967742,0.5403225806451613,1.0,1.0,0.47580645161290325,0.49193548387096775,1.0,0.5241935483870968,0.5241935483870968,245.11806451612904,23.580645161290324
2,1.0,0.4782608695652174,0.0,0.484472049689441,0.0,0.4968944099378882,0.5031055900621118,0.4906832298136646,0.4968944099378882,0.5093167701863354,0.45962732919254656,233.32639751552796,22.652173913043477
3,1.0,0.5,0.6796875,1.0,1.0,0.0,0.484375,0.4921875,0.4296875,0.4765625,0.484375,235.332890625,22.1953125
4,1.0,0.5431034482758621,0.6982758620689655,0.45689655172413796,1.0,1.0,0.5086206896551724,0.5172413793103449,0.0,0.4827586206896552,0.46551724137931033,232.3335344827586,21.00862068965517
