cluster,A,B,C,D,E,F,G,H,I,J,K,A-,B-
0,1.0,0.3448275862068966,0.0,0.7586206896551724,0.3448275862068966,0.3793103448275862,0.06896551724137931,0.20689655172413793,0.6206896551724138,0.41379310344827586,0.4482758620689655,229.99137931034483,25.82758620689655
1,1.0,0.6666666666666666,0.8095238095238095,0.9523809523809523,1.0,0.23809523809523808,0.6666666666666666,0.047619047619047616,0.3333333333333333,0.8571428571428571,0.7619047619047619,238.65238095238095,27.333333333333332
2,1.0,0.2,0.8,0.5,0.95,0.45,0.75,0.75,0.05,0.1,0.65,235.4025,17.05
3,1.0,0.7058823529411765,0.058823529411764705,0.29411764705882354,0.4117647058823529,0.5294117647058824,0.9411764705882353,0.7647058823529411,0.23529411764705882,0.7058823529411765,0.0,231.3376470588235,19.235294117647058
4,1.0,0.6842105263157895,0.9473684210526315,0.3684210526315789,1.0,0.3684210526315789,0.3157894736842105,0.3157894736842105,0.9473684210526315,0.631578947368421,0.05263157894736842,238.39263157894737,25.57894736842105
5,1.0,0.5,0.5833333333333334,0.08333333333333333,0.9166666666666666,0.625,0.16666666666666666,0.8333333333333334,0.6666666666666666,0.7083333333333334,1.0,254.43166666666664,18.958333333333332
