cluster,A,B,C,D,E,F,G,H,I,J,K,A-,B-
0,1.0,0.2692307692307692,0.0,0.46153846153846156,0.0,0.46153846153846156,0.5769230769230769,0.46153846153846156,0.46153846153846156,0.6538461538461539,0.4230769230769231,234.2676923076923,22.96153846153846
1,1.0,0.3333333333333333,0.8888888888888888,0.8888888888888888,1.0,0.2777777777777778,0.3333333333333333,0.05555555555555555,0.2222222222222222,0.7777777777777778,0.05555555555555555,226.76,27.666666666666668
2,1.0,0.07692307692307693,0.38461538461538464,0.2692307692307692,1.0,0.11538461538461539,0.38461538461538464,0.23076923076923078,0.11538461538461539,0.2692307692307692,0.8461538461538461,225.43692307692305,24.692307692307693
3,1.0,0.4090909090909091,0.6818181818181818,0.0,1.0,1.0,0.18181818181818182,0.4090909090909091,0.5454545454545454,0.45454545454545453,0.36363636363636365,232.23545454545456,23.90909090909091
4,1.0,0.7894736842105263,0.631578947368421,0.5789473684210527,0.9473684210526315,0.47368421052631576,0.9473684210526315,0.47368421052631576,0.8947368421052632,0.631578947368421,0.7894736842105263,248.83684210526314,23.473684210526315
5,1.0,0.47368421052631576,0.6842105263157895,1.0,1.0,0.42105263157894735,0.10526315789473684,1.0,0.3684210526315789,0.42105263157894735,0.2631578947368421,236.92315789473685,16.0
