cluster,A,B,C,D,E,F,G,H,I,J,K,A-,B-
0,1.0,0.49572649572649574,0.717948717948718,0.0,1.0,0.5299145299145299,0.0,0.5128205128205128,0.5042735042735043,0.49572649572649574,0.5213675213675214,237.85581196581197,21.974358974358974
1,1.0,0.4523809523809524,0.0,0.0,0.0,0.5119047619047619,0.5,0.5,0.5119047619047619,0.4523809523809524,0.5119047619047619,234.46845238095236,22.321428571428573
2,1.0,0.5258620689655172,0.6810344827586207,1.0,1.0,0.5258620689655172,0.49137931034482757,0.0,0.5172413793103449,0.4396551724137931,0.5086206896551724,229.48422413793102,28.21551724137931
3,1.0,0.512,0.656,1.0,1.0,0.528,0.512,1.0,0.424,0.52,0.52,246.82736,16.032
4,1.0,0.4566929133858268,0.6456692913385826,0.0,1.0,0.47244094488188976,1.0,0.4881889763779528,0.5118110236220472,0.5354330708661418,0.5118110236220472,238.9871653543307,22.46456692913386
5,1.0,0.4444444444444444,0.0,1.0,0.0,0.48148148148148145,0.4567901234567901,0.5061728395061729,0.5061728395061729,0.49382716049382713,0.49382716049382713,234.55456790123455,22.320987654320987
