cluster,A,B,C,D,E,F,G,H,I,J,K,A-,B-
0,1.0,0.32,1.0,0.56,1.0,0.52,0.36,0.44,0.16,0.36,0.16,222.778,22.44
1,1.0,0.8823529411764706,0.8235294117647058,0.4411764705882353,1.0,0.6470588235294118,0.7058823529411765,0.4117647058823529,0.6764705882352942,0.5,0.9411764705882353,247.04117647058823,23.264705882352942
2,1.0,0.8095238095238095,0.0,0.7619047619047619,0.3333333333333333,0.047619047619047616,0.5714285714285714,0.7619047619047619,0.23809523809523808,0.2857142857142857,0.42857142857142855,232.08333333333334,18.523809523809526
3,1.0,0.07142857142857142,0.0,0.4642857142857143,0.35714285714285715,0.4642857142857143,0.5357142857142857,0.21428571428571427,0.75,0.8571428571428571,0.5714285714285714,240.34357142857144,26.5
4,1.0,0.8181818181818182,0.0,0.3181818181818182,0.45454545454545453,0.9090909090909091,0.18181818181818182,0.2727272727272727,0.45454545454545453,0.045454545454545456,0.5,223.90045454545452,24.681818181818183
