cluster,A,B,C,D,E,F,G,H,I,J,K,A-,B-
0,1.0,0.52,0.0,0.44,0.0,0.68,0.32,0.32,0.36,0.68,0.52,235.5524,24.2
1,1.0,1.0,0.55,0.15,0.95,0.85,0.65,0.95,0.6,0.3,0.35,238.19549999999998,17.4
2,1.0,0.030303030303030304,0.7272727272727273,0.42424242424242425,1.0,0.30303030303030304,0.7272727272727273,0.9696969696969697,0.2727272727272727,0.5757575757575758,0.5151515151515151,245.25757575757575,15.909090909090908
3,1.0,0.8,0.43333333333333335,0.7,1.0,0.26666666666666666,0.6666666666666666,0.13333333333333333,0.7,0.6,0.6333333333333333,238.603,26.833333333333332
4,1.0,0.18181818181818182,0.9090909090909091,0.5,1.0,0.7272727272727273,0.22727272727272727,0.18181818181818182,0.5909090909090909,0.3181818181818182,0.09090909090909091,224.49227272727273,26.318181818181817
