cluster,A,B,C,D,E,F,G,H,I,J,K,A-,B-
0,1.0,0.8666666666666667,0.0,0.4,0.4666666666666667,0.7333333333333333,0.7333333333333333,0.43333333333333335,0.5666666666666667,0.1,0.7,235.2913333333333,22.9
1,1.0,0.391304347826087,0.6521739130434783,0.782608695652174,1.0,0.08695652173913043,0.6521739130434783,0.30434782608695654,0.9565217391304348,0.7391304347826086,0.8260869565217391,248.60652173913041,25.391304347826086
2,1.0,0.631578947368421,0.9473684210526315,0.9473684210526315,1.0,0.8947368421052632,0.05263157894736842,0.7894736842105263,0.3684210526315789,0.5789473684210527,0.631578947368421,246.25684210526316,18.57894736842105
3,1.0,0.5454545454545454,0.9545454545454546,0.36363636363636365,1.0,0.36363636363636365,0.6363636363636364,0.09090909090909091,0.0,0.5,0.6363636363636364,227.74681818181818,26.545454545454547
4,1.0,0.25,0.0,0.4375,0.0625,0.4375,0.3125,0.5625,0.25,0.6875,0.5625,234.0425,21.375
5,1.0,0.65,1.0,0.1,1.0,0.75,0.55,0.8,0.65,0.25,0.2,236.8675,19.05
