cluster,A,B,C,D,E,F,G,H,I,J,K,A-,B-
0,1.0,0.3793103448275862,0.20689655172413793,0.4827586206896552,0.7931034482758621,0.6551724137931034,0.5862068965517241,0.8620689655172413,0.5862068965517241,0.06896551724137931,0.9655172413793104,247.91482758620688,17.586206896551722
1,1.0,0.6538461538461539,0.0,0.5384615384615384,0.07692307692307693,0.6153846153846154,0.34615384615384615,0.34615384615384615,0.46153846153846156,0.7307692307692307,0.34615384615384615,233.48346153846154,24.5
2,1.0,0.3333333333333333,0.7333333333333333,0.23333333333333334,1.0,0.5333333333333333,0.7333333333333333,0.5333333333333333,0.6666666666666666,1.0,0.43333333333333335,247.80266666666665,22.4
3,1.0,0.9523809523809523,0.8571428571428571,0.8571428571428571,1.0,0.6666666666666666,0.5238095238095238,0.8095238095238095,0.7142857142857143,0.5238095238095238,0.14285714285714285,241.13238095238094,19.714285714285715
4,1.0,0.8333333333333334,0.875,0.5,1.0,0.08333333333333333,0.6666666666666666,0.16666666666666666,0.16666666666666666,0.125,0.20833333333333334,215.73958333333334,25.833333333333332
