cluster,A,B,C,D,E,F,G,H,I,J,K,A-,B-
0,1.0,0.5161290322580645,0.0,0.5591397849462365,0.5268817204301075,0.0,0.5161290322580645,0.5483870967741935,1.0,0.46236559139784944,0.4946236559139785,241.01774193548388,22.956989247311828
1,1.0,0.5125,0.0,0.4625,0.0,1.0,0.4875,0.525,0.5125,0.45,0.4875,235.327,22.15
2,1.0,0.5,0.6666666666666666,0.4583333333333333,1.0,1.0,0.5,0.525,0.0,0.4583333333333333,0.45,232.07166666666666,20.808333333333334
3,1.0,0.5263157894736842,0.6666666666666666,0.45614035087719296,1.0,1.0,0.5087719298245614,0.5087719298245614,1.0,0.5,0.49122807017543857,244.44421052631577,23.473684210526315
4,1.0,0.4819277108433735,0.0,0.5180722891566265,0.5180722891566265,0.0,0.43373493975903615,0.4819277108433735,0.0,0.46987951807228917,0.5662650602409639,227.6757831325301,21.337349397590362
5,1.0,0.51875,1.0,0.58125,1.0,0.0,0.46875,0.50625,0.5,0.48125,0.49375,237.4825625,22.0125
