cluster,A,B,C,D,E,F,G,H,I,J,K,A-,B-
0,1.0,0.6,0.24,0.8,0.76,0.44,0.84,0.32,0.0,0.36,0.6,227.4036,23.72
1,1.0,0.3076923076923077,0.0,0.23076923076923078,0.11538461538461539,0.7307692307692307,0.5769230769230769,0.6538461538461539,0.8076923076923077,0.5769230769230769,0.5384615384615384,241.28153846153845,21.5
2,1.0,0.13636363636363635,0.7272727272727273,0.4090909090909091,0.9545454545454546,0.6363636363636364,0.4090909090909091,0.2727272727272727,0.22727272727272727,0.9090909090909091,0.9090909090909091,241.5359090909091,24.772727272727273
3,1.0,0.5925925925925926,1.0,0.8148148148148148,1.0,0.8148148148148148,0.5555555555555556,0.14814814814814814,0.7777777777777778,0.2962962962962963,0.18518518518518517,229.68962962962962,27.074074074074073
4,1.0,0.5333333333333333,0.6333333333333333,0.4,1.0,0.03333333333333333,0.2,0.7666666666666667,0.7666666666666667,0.5,0.43333333333333335,241.98166666666665,19.733333333333334
