cluster,A,B,C,D,E,F,G,H,I,J,K,A-,B-
0,1.0,0.5573770491803278,0.639344262295082,0.45901639344262296,1.0,1.0,0.0,0.4918032786885246,0.4918032786885246,0.5081967213114754,0.45901639344262296,237.63598360655737,22.491803278688526
1,1.0,0.5169491525423728,0.7033898305084746,0.5,1.0,0.4322033898305085,1.0,0.5338983050847458,0.559322033898305,0.0,0.4745762711864407,230.63237288135593,21.95762711864407
2,1.0,0.5086206896551724,0.6206896551724138,0.4827586206896552,1.0,0.5517241379310345,1.0,0.5172413793103449,0.45689655172413796,1.0,0.5258620689655172,246.39448275862068,22.387931034482758
3,1.0,0.5294117647058824,0.0,0.5235294117647059,0.0,0.5176470588235295,0.5176470588235295,0.48823529411764705,0.5,0.5235294117647059,0.45294117647058824,234.21452941176472,22.641176470588235
4,1.0,0.5241935483870968,0.6774193548387096,0.5241935483870968,1.0,0.0,0.0,0.5080645161290323,0.5,0.5080645161290323,0.5,236.85395161290322,21.830645161290324
