cluster,A,B,C,D,E,F,G,H,I,J,K,A-,B-
0,1.0,0.47706422018348627,0.7431192660550459,1.0,1.0,0.47706422018348627,0.43119266055045874,0.5321100917431193,0.0,0.48623853211009177,0.5412844036697247,234.3426605504587,20.522935779816514
1,1.0,0.5894736842105263,0.8842105263157894,0.0,1.0,0.5157894736842106,0.47368421052631576,0.5052631578947369,0.5052631578947369,0.49473684210526314,0.0,229.5976842105263,22.568421052631578
2,1.0,0.5350877192982456,0.7017543859649122,1.0,1.0,0.5175438596491229,0.5526315789473685,0.5350877192982456,1.0,0.43859649122807015,0.4824561403508772,243.4830701754386,23.149122807017545
3,1.0,0.5,0.0,0.2682926829268293,0.5365853658536586,0.8170731707317073,0.7073170731707317,0.23170731707317074,0.1951219512195122,0.7682926829268293,0.2073170731707317,228.50048780487805,25.670731707317074
4,1.0,0.5083333333333333,0.675,0.0,1.0,0.4583333333333333,0.44166666666666665,0.49166666666666664,0.55,0.49166666666666664,1.0,246.58216666666667,21.966666666666665
5,1.0,0.5230769230769231,0.0,0.6230769230769231,0.0,0.4230769230769231,0.4153846153846154,0.6230769230769231,0.5692307692307692,0.4,0.5769230769230769,236.275,20.96153846153846
