cluster,A,B,C,D,E,F,G,H,I,J,K,A-,B-
0,1.0,0.48148148148148145,0.0,0.6666666666666666,0.4074074074074074,0.18518518518518517,0.037037037037037035,0.18518518518518517,0.7037037037037037,0.8888888888888888,0.5185185185185185,240.39666666666668,26.48148148148148
1,1.0,0.48148148148148145,0.0,0.5555555555555556,0.48148148148148145,0.7407407407407407,0.5185185185185185,0.7407407407407407,0.037037037037037035,0.18518518518518517,0.7407407407407407,237.45148148148147,17.51851851851852
2,1.0,0.21052631578947367,1.0,0.7368421052631579,1.0,0.10526315789473684,0.5263157894736842,0.5789473684210527,0.8421052631578947,0.3684210526315789,0.5263157894736842,239.19473684210524,22.210526315789473
3,1.0,0.9411764705882353,1.0,0.4117647058823529,1.0,0.47058823529411764,0.29411764705882354,0.7647058823529411,0.17647058823529413,0.17647058823529413,0.6470588235294118,240.63470588235293,16.823529411764707
4,1.0,0.3,0.75,0.4,0.95,0.95,0.65,0.25,0.35,0.75,0.25,232.292,25.8
5,1.0,0.8,0.0,0.6,0.45,0.75,0.8,0.55,1.0,0.35,0.4,239.29250000000002,23.1
