cluster,A,B,C,D,E,F,G,H,I,J,K,A-,B-
0,1.0,0.0,1.0,0.45625,1.0,0.4875,0.5125,0.53125,0.4875,0.5375,0.53125,238.43406249999998,21.85625
1,1.0,1.0,0.64,0.52,1.0,0.536,0.472,0.48,0.48,0.488,0.0,230.20488,22.784
2,1.0,0.0,0.0,0.484472049689441,0.5341614906832298,0.4906832298136646,0.4782608695652174,0.4782608695652174,0.5279503105590062,0.4906832298136646,0.484472049689441,233.37826086956522,22.751552795031056
3,1.0,1.0,0.0,0.5487804878048781,0.0,0.4878048780487805,0.4878048780487805,0.5121951219512195,0.5121951219512195,0.47560975609756095,0.45121951219512196,234.83914634146342,22.341463414634145
4,1.0,1.0,0.6557377049180327,0.5327868852459017,1.0,0.5081967213114754,0.5327868852459017,0.4918032786885246,0.5819672131147541,0.5163934426229508,1.0,248.45163934426228,22.18032786885246
