cluster,A,B,C,D,E,F,G,H,I,J,K,A-,B-
0,1.0,0.25806451612903225,0.0,0.7741935483870968,0.3870967741935484,0.25806451612903225,0.3548387096774194,0.4838709677419355,0.41935483870967744,0.7419354838709677,0.45161290322580644,235.45483870967743,22.903225806451612
1,1.0,0.7391304347826086,0.0,0.2608695652173913,0.21739130434782608,0.9565217391304348,0.6956521739130435,0.6521739130434783,0.5217391304347826,0.5652173913043478,0.782608695652174,244.5926086956522,20.82608695652174
2,1.0,0.825,0.925,0.5,1.0,0.275,0.775,0.375,0.625,0.6,0.325,237.81675,24.25
3,1.0,0.3055555555555556,0.9166666666666666,0.3333333333333333,1.0,0.7777777777777778,0.2222222222222222,0.5833333333333334,0.3611111111111111,0.3333333333333333,0.5555555555555556,235.08527777777778,20.805555555555557
