cluster,A,B,C,D,E,F,G,H,I,J,K,A-,B-
0,1.0,0.5,1.0,0.22727272727272727,1.0,0.2727272727272727,0.2727272727272727,0.9090909090909091,0.8181818181818182,0.18181818181818182,0.6363636363636364,246.0359090909091,18.09090909090909
1,1.0,0.8846153846153846,0.8076923076923077,0.6923076923076923,1.0,0.5384615384615384,0.6538461538461539,0.34615384615384615,0.3076923076923077,0.5,0.038461538461538464,227.09923076923076,24.307692307692307
2,1.0,0.3333333333333333,0.0,0.5,0.16666666666666666,0.16666666666666666,0.5,0.1111111111111111,0.6111111111111112,0.2777777777777778,0.7777777777777778,229.12388888888887,26.444444444444443
3,1.0,0.25,0.3333333333333333,0.875,0.875,0.5416666666666666,0.5416666666666666,0.9583333333333334,0.20833333333333334,0.3333333333333333,0.6666666666666666,243.7025,15.375
4,1.0,0.6666666666666666,0.0,0.5238095238095238,0.0,0.6190476190476191,0.2857142857142857,0.47619047619047616,0.6666666666666666,0.6666666666666666,0.09523809523809523,233.94571428571427,23.38095238095238
5,1.0,0.3684210526315789,0.7368421052631579,0.10526315789473684,1.0,0.6842105263157895,0.631578947368421,0.05263157894736842,0.7368421052631579,0.9473684210526315,0.7894736842105263,245.45263157894738,27.473684210526315
