cluster,A,B,C,D,E,F,G,H,I,J,K,A-,B-
0,1.0,0.8214285714285714,0.75,0.5714285714285714,1.0,0.7857142857142857,0.35714285714285715,0.9285714285714286,0.6071428571428571,0.5357142857142857,0.2857142857142857,243.9882142857143,17.857142857142858
1,1.0,0.24390243902439024,0.0,0.5365853658536586,0.14634146341463414,0.5609756097560976,0.5609756097560976,0.6585365853658537,0.43902439024390244,0.43902439024390244,0.2682926829268293,231.64146341463413,20.75609756097561
2,1.0,0.4666666666666667,0.8333333333333334,0.7666666666666667,1.0,0.7333333333333333,0.7333333333333333,0.06666666666666667,0.4666666666666667,0.3,0.3,224.68966666666665,27.433333333333334
3,1.0,0.5483870967741935,0.7096774193548387,0.22580645161290322,0.967741935483871,0.06451612903225806,0.45161290322580644,0.3548387096774194,0.6129032258064516,0.6774193548387096,0.9032258064516129,244.62870967741935,24.096774193548388
