cluster,A,B,C,D,E,F,G,H,I,J,K,A-,B-
0,1.0,0.5132743362831859,0.6548672566371682,0.5309734513274337,1.0,1.0,0.504424778761062,0.4690265486725664,1.0,0.4690265486725664,0.4778761061946903,243.30681415929203,23.8141592920354
1,1.0,0.5275590551181102,0.6692913385826772,0.5039370078740157,1.0,1.0,0.5275590551181102,0.47244094488188976,0.0,0.5039370078740157,0.5275590551181102,233.30732283464565,21.606299212598426
2,1.0,0.48672566371681414,0.7610619469026548,0.5398230088495575,1.0,0.0,0.5132743362831859,0.504424778761062,0.0,0.584070796460177,0.37168141592920356,229.6962831858407,21.123893805309734
3,1.0,0.49122807017543857,0.0,0.45614035087719296,0.35964912280701755,0.0,0.4473684210526316,0.4824561403508772,0.5789473684210527,0.35964912280701755,0.6754385964912281,235.70903508771931,22.403508771929825
4,1.0,0.4878048780487805,0.0,0.47560975609756095,0.0,1.0,0.5121951219512195,0.524390243902439,0.5,0.5487804878048781,0.43902439024390244,236.2342682926829,22.158536585365855
5,1.0,0.46534653465346537,0.900990099009901,0.5346534653465347,1.0,0.0,0.48514851485148514,0.46534653465346537,1.0,0.594059405940594,0.43564356435643564,244.24,23.792079207920793
