cluster,A,B,C,D,E,F,G,H,I,J,K,A-,B-
0,1.0,0.0,0.6507936507936508,0.5238095238095238,1.0,0.4523809523809524,0.5079365079365079,0.48412698412698413,0.5,0.5238095238095238,1.0,244.79150793650794,22.150793650793652
1,1.0,0.5521472392638037,0.0,0.48466257668711654,0.0,0.49693251533742333,0.48466257668711654,0.5153374233128835,0.5030674846625767,0.49693251533742333,0.49079754601226994,234.68251533742333,22.337423312883434
2,1.0,0.0,0.6916666666666667,0.49166666666666664,1.0,0.49166666666666664,0.4583333333333333,0.5416666666666666,0.45,0.475,0.0,226.8405,22.133333333333333
3,1.0,1.0,0.6581196581196581,0.5470085470085471,1.0,0.47863247863247865,1.0,0.5128205128205128,0.49572649572649574,0.46153846153846156,0.5299145299145299,239.00153846153847,22.23076923076923
4,1.0,1.0,0.6451612903225806,0.46774193548387094,1.0,0.5080645161290323,0.0,0.47580645161290325,0.5,0.3951612903225806,0.49193548387096775,236.18056451612904,22.31451612903226
