cluster,A,B,C,D,E,F,G,H,I,J,K,A-,B-
0,1.0,1.0,0.0,0.5641025641025641,0.0,0.47435897435897434,0.5128205128205128,0.5,0.5256410256410257,0.46153846153846156,0.5128205128205128,235.96641025641026,22.576923076923077
1,1.0,0.5158730158730159,0.6746031746031746,0.0,1.0,0.5396825396825397,0.5158730158730159,0.5238095238095238,0.0,0.5079365079365079,0.5238095238095238,232.16595238095238,20.857142857142858
2,1.0,0.504,0.696,0.0,1.0,0.504,0.48,0.496,1.0,0.472,0.44,242.17488,23.448
3,1.0,0.5206611570247934,0.6859504132231405,1.0,1.0,0.4793388429752066,0.512396694214876,0.49586776859504134,0.0,0.49586776859504134,0.5289256198347108,233.31892561983472,21.03305785123967
4,1.0,0.5213675213675214,0.6666666666666666,1.0,1.0,0.4358974358974359,0.5384615384615384,0.5128205128205128,1.0,0.5128205128205128,0.5299145299145299,245.14299145299145,23.333333333333332
5,1.0,0.0,0.0,0.5301204819277109,0.0,0.5542168674698795,0.4939759036144578,0.5060240963855421,0.4578313253012048,0.4939759036144578,0.5301204819277109,232.6232530120482,22.397590361445783
