cluster,A,B,C,D,E,F,G,H,I,J,K,A-,B-
0,1.0,0.5393939393939394,0.0,0.5333333333333333,0.0,0.47878787878787876,0.47878787878787876,0.4909090909090909,0.5151515151515151,0.5151515151515151,0.5272727272727272,235.42315151515152,22.563636363636363
1,1.0,1.0,0.6747967479674797,0.0,1.0,0.5121951219512195,0.5365853658536586,0.5203252032520326,0.5040650406504065,0.4634146341463415,0.5040650406504065,238.30178861788616,22.03252032520325
2,1.0,0.0,0.6694214876033058,0.0,1.0,0.5289256198347108,0.5289256198347108,0.5619834710743802,0.512396694214876,0.5454545454545454,0.512396694214876,238.2606611570248,21.570247933884296
3,1.0,0.0,0.6842105263157895,1.0,1.0,0.5350877192982456,0.5087719298245614,0.5087719298245614,0.43859649122807015,0.49122807017543857,0.5087719298245614,235.4390350877193,22.17543859649123
4,1.0,1.0,0.6614173228346457,1.0,1.0,0.5039370078740157,0.4251968503937008,0.47244094488188976,0.5118110236220472,0.4645669291338583,0.5039370078740157,238.66251968503937,22.653543307086615
