cluster,A,B,C,D,E,F,G,H,I,J,K,A-,B-
0,1.0,0.49390243902439024,0.0,0.47560975609756095,0.0,0.5121951219512195,0.49390243902439024,0.47560975609756095,0.5060975609756098,0.4878048780487805,0.5060975609756098,233.8783536585366,22.75
1,1.0,0.5217391304347826,0.6347826086956522,0.4956521739130435,1.0,0.5391304347826087,1.0,1.0,0.48695652173913045,0.4956521739130435,0.4956521739130435,246.9409565217391,16.356521739130436
2,1.0,1.0,0.6722689075630253,0.46218487394957986,1.0,0.4789915966386555,0.5630252100840336,0.0,0.5126050420168067,0.5042016806722689,0.5462184873949579,231.7979831932773,28.142857142857142
3,1.0,0.0,0.6967213114754098,0.48360655737704916,1.0,0.4672131147540984,0.5327868852459017,0.0,0.5409836065573771,0.5081967213114754,0.48360655737704916,229.0533606557377,28.21311475409836
4,1.0,0.47692307692307695,0.6538461538461539,0.46153846153846156,1.0,0.5692307692307692,0.0,1.0,0.5384615384615384,0.5230769230769231,0.5076923076923077,245.8216923076923,16.592307692307692
