cluster,A,B,C,D,E,F,G,H,I,J,K,A-,B-
0,1.0,0.5384615384615384,0.0,0.19230769230769232,0.2692307692307692,0.6153846153846154,0.5384615384615384,0.038461538461538464,0.5769230769230769,0.5384615384615384,0.3076923076923077,228.07923076923078,27.96153846153846
1,1.0,0.6153846153846154,0.8846153846153846,0.19230769230769232,1.0,0.46153846153846156,0.3076923076923077,0.19230769230769232,0.5384615384615384,1.0,0.8076923076923077,246.28576923076923,26.03846153846154
2,1.0,0.5416666666666666,0.0,0.7083333333333334,0.16666666666666666,0.6666666666666666,0.4166666666666667,0.9583333333333334,0.4583333333333333,0.2916666666666667,0.5833333333333334,239.77791666666667,16.458333333333332
3,1.0,0.0,0.8571428571428571,0.14285714285714285,1.0,0.6666666666666666,0.5238095238095238,0.5238095238095238,0.2857142857142857,0.14285714285714285,0.8095238095238095,238.73523809523812,20.61904761904762
4,1.0,0.6060606060606061,0.8787878787878788,0.9696969696969697,1.0,0.6060606060606061,0.3939393939393939,0.45454545454545453,0.45454545454545453,0.3333333333333333,0.15151515151515152,228.7957575757576,23.424242424242426
