cluster,A,B,C,D,E,F,G,H,I,J,K,A-,B-
0,1.0,0.4806201550387597,0.689922480620155,0.5116279069767442,1.0,0.49612403100775193,0.5038759689922481,0.4806201550387597,1.0,0.0,0.4573643410852713,233.5636434108527,23.488372093023255
1,1.0,0.528,0.696,0.44,1.0,0.504,0.464,0.472,1.0,1.0,0.504,253.2252,23.872
2,1.0,0.47096774193548385,0.0,0.5161290322580645,0.0,0.4838709677419355,0.5290322580645161,0.4645161290322581,0.567741935483871,0.49032258064516127,0.4967741935483871,234.2947741935484,22.93548387096774
3,1.0,0.0,0.6721311475409836,0.5737704918032787,1.0,0.5163934426229508,0.5,0.5491803278688525,0.0,0.5491803278688525,0.4918032786885246,232.32975409836064,20.549180327868854
4,1.0,1.0,0.680672268907563,0.5210084033613446,1.0,0.42857142857142855,0.4957983193277311,0.4957983193277311,0.0,0.5042016806722689,0.4957983193277311,232.72411764705882,21.134453781512605
