cluster,A,B,C,D,E,F,G,H,I,J,K,A-,B-
0,1.0,0.4838709677419355,0.0,0.45161290322580644,0.0,0.3548387096774194,0.4838709677419355,0.5161290322580645,0.3225806451612903,0.41935483870967744,0.6774193548387096,233.80290322580646,21.70967741935484
1,1.0,0.34782608695652173,0.4782608695652174,0.7391304347826086,1.0,0.21739130434782608,0.0,0.34782608695652173,0.8695652173913043,0.6086956521739131,0.21739130434782608,237.3291304347826,24.82608695652174
2,1.0,0.8709677419354839,0.7419354838709677,0.41935483870967744,1.0,0.2903225806451613,0.5161290322580645,0.5806451612903226,0.1935483870967742,0.9354838709677419,0.6451612903225806,244.8341935483871,21.096774193548388
3,1.0,0.2916666666666667,0.9166666666666666,0.75,1.0,0.5416666666666666,0.5416666666666666,0.25,0.041666666666666664,0.20833333333333334,0.4166666666666667,222.15041666666664,24.333333333333332
4,1.0,0.6666666666666666,0.42857142857142855,0.38095238095238093,0.9523809523809523,0.6666666666666666,1.0,0.3333333333333333,0.9047619047619048,0.19047619047619047,0.7142857142857143,237.88000000000002,24.952380952380953
