cluster,A,B,C,D,E,F,G,H,I,J,K,A-,B-
0,1.0,0.5481927710843374,0.0,0.5180722891566265,0.0,0.536144578313253,0.5120481927710844,0.5060240963855421,0.5180722891566265,0.536144578313253,0.4939759036144578,235.70156626506022,22.39156626506024
1,1.0,0.4918032786885246,0.6967213114754098,0.47540983606557374,1.0,0.5245901639344263,0.5,1.0,0.5655737704918032,0.4918032786885246,1.0,257.4126229508197,16.221311475409838
2,1.0,0.46564885496183206,0.6259541984732825,0.5038167938931297,1.0,0.5038167938931297,0.48854961832061067,0.549618320610687,0.5267175572519084,1.0,0.0,241.38381679389312,22.419847328244273
3,1.0,0.5206611570247934,0.7024793388429752,0.4793388429752066,1.0,0.4462809917355372,0.5041322314049587,0.48760330578512395,0.49586776859504134,0.0,0.0,217.91404958677685,22.694214876033058
4,1.0,0.5,0.6090909090909091,0.5272727272727272,1.0,0.5545454545454546,0.5272727272727272,0.0,0.4818181818181818,0.5181818181818182,1.0,235.33945454545454,27.90909090909091
