cluster,A,B,C,D,E,F,G,H,I,J,K,A-,B-
0,1.0,0.48484848484848486,0.0,0.5575757575757576,0.0,0.49696969696969695,0.49696969696969695,0.503030303030303,0.48484848484848486,0.4727272727272727,0.49696969696969695,233.09036363636366,22.496969696969696
1,1.0,0.47619047619047616,0.7063492063492064,0.5317460317460317,1.0,0.5,1.0,0.0,0.5396825396825397,0.4603174603174603,0.47619047619047616,229.94365079365082,28.325396825396826
2,1.0,0.48,0.656,0.0,1.0,0.48,0.448,1.0,0.504,0.488,0.496,244.91384,16.368
3,1.0,0.5327868852459017,0.6967213114754098,0.4918032786885246,1.0,0.4918032786885246,0.0,0.0,0.5409836065573771,0.45081967213114754,0.5409836065573771,229.7554918032787,27.9672131147541
4,1.0,0.5267857142857143,0.6339285714285714,1.0,1.0,0.5089285714285714,0.49107142857142855,1.0,0.5446428571428571,0.5267857142857143,0.48214285714285715,246.61669642857143,16.660714285714285
