cluster,A,B,C,D,E,F,G,H,I,J,K,A-,B-
0,1.0,0.0,0.6333333333333333,1.0,1.0,0.5583333333333333,0.525,0.49166666666666664,0.5083333333333333,0.5333333333333333,0.5333333333333333,237.97650000000002,22.533333333333335
1,1.0,1.0,0.6461538461538462,0.5,1.0,1.0,0.5076923076923077,0.4846153846153846,0.49230769230769234,0.5076923076923077,0.49230769230769234,239.44961538461538,22.523076923076925
2,1.0,0.8229166666666666,0.0,0.7916666666666666,0.16666666666666666,0.23958333333333334,0.5416666666666666,0.4583333333333333,0.4479166666666667,0.4375,0.4479166666666667,232.2776041666667,22.75
3,1.0,0.0,0.8431372549019608,0.0,1.0,0.43137254901960786,0.45098039215686275,0.4803921568627451,0.4411764705882353,0.45098039215686275,0.5098039215686274,234.76470588235293,22.333333333333332
4,1.0,0.24742268041237114,0.0,0.1958762886597938,0.20618556701030927,0.8556701030927835,0.5257731958762887,0.4948453608247423,0.4639175257731959,0.4742268041237113,0.4639175257731959,233.35463917525774,22.556701030927837
5,1.0,1.0,0.780952380952381,0.4095238095238095,1.0,0.0,0.49523809523809526,0.580952380952381,0.5523809523809524,0.49523809523809526,0.5047619047619047,240.9580952380952,21.304761904761904
