cluster,F,Smoother,ColorGS,RelaxParameter,V,Jacobi,Line,ZebraLine,Cycle,Alpha,Beta,PreSmoothing,PostSmoothing,NumberIterations-, TimeToSolution- 
0,0.5028089887640449,1.0,0.2696629213483146,0.49719101123595505,0.49719101123595505,0.19101123595505617,0.2808988764044944,0.25842696629213485,1.0,61.418539325842694,58.799157303370784,4.047752808988764,4.070224719101123,11.933988764044944,190.34664325851125
1,0.46153846153846156,1.0,0.0,0.0,0.5384615384615384,1.0,0.0,0.0,1.0,57.30769230769231,66.53846153846153,4.6923076923076925,3.769230769230769,501.0,8600.65223076923
2,0.5555555555555556,1.0,0.0,0.3888888888888889,0.4444444444444444,0.7777777777777778,0.16666666666666666,0.05555555555555555,1.0,76.66666666666667,65.0,3.1666666666666665,2.111111111111111,407.05555555555554,4606.140666666666
3,0.8571428571428571,1.0,0.0,0.0,0.14285714285714285,1.0,0.0,0.0,1.0,44.285714285714285,75.0,5.0,7.428571428571429,501.0,13100.141142857143
