cluster,F,Smoother,ColorGS,RelaxParameter,V,Jacobi,Line,ZebraLine,Cycle,Alpha,Beta,PreSmoothing,PostSmoothing,NumberIterations-, TimeToSolution- 
0,0.4935064935064935,1.0,0.2712842712842713,0.48773448773448774,0.5064935064935064,0.20923520923520925,0.2510822510822511,0.2683982683982684,1.0,58.95382395382396,59.74747474747475,3.8975468975468974,4.163059163059163,9.924963924963924,163.38075757575757
1,0.4,1.0,0.0,0.0,0.6,1.0,0.0,0.0,1.0,68.33333333333333,49.666666666666664,4.8,2.7333333333333334,501.0,7801.735266666667
2,0.46153846153846156,1.0,0.0,0.6153846153846154,0.5384615384615384,0.9230769230769231,0.0,0.07692307692307693,1.0,47.30769230769231,75.38461538461539,3.8461538461538463,3.1538461538461537,379.0769230769231,4756.565307692308
3,0.4,1.0,0.0,0.0,0.6,1.0,0.0,0.0,1.0,67.0,59.0,6.8,5.8,501.0,12152.5424
4,0.625,1.0,0.20833333333333334,0.3333333333333333,0.375,0.5833333333333334,0.16666666666666666,0.041666666666666664,1.0,60.416666666666664,61.875,2.7083333333333335,2.5416666666666665,162.0,1450.8583333333333
