cluster,F,Smoother,ColorGS,RelaxParameter,V,Jacobi,Line,ZebraLine,Cycle,Alpha,Beta,PreSmoothing,PostSmoothing,NumberIterations-, TimeToSolution- 
0,0.43478260869565216,1.0,0.2463768115942029,0.5797101449275363,0.5652173913043478,0.2391304347826087,0.2246376811594203,0.2898550724637681,1.0,58.55072463768116,60.072463768115945,4.3478260869565215,4.398550724637682,10.144927536231885,180.83268840565216
1,0.8333333333333334,1.0,0.0,0.0,0.16666666666666666,1.0,0.0,0.0,1.0,35.833333333333336,71.66666666666667,4.666666666666667,6.333333333333333,501.0,12131.004166666666
2,0.5,1.0,0.0,1.0,0.5,1.0,0.0,0.0,1.0,47.5,87.5,3.0,5.0,305.0,4996.2375
3,0.5,1.0,0.5,0.25,0.5,0.5,0.0,0.0,1.0,46.25,66.25,2.5,3.0,316.75,2324.9317499999997
