cluster,F,Smoother,ColorGS,RelaxParameter,V,Jacobi,Line,ZebraLine,Cycle,Alpha,Beta,PreSmoothing,PostSmoothing,NumberIterations-, TimeToSolution- 
0,0.4659090909090909,1.0,0.26988636363636365,0.515625,0.5340909090909091,0.21448863636363635,0.24857954545454544,0.26704545454545453,1.0,59.84375,59.74431818181818,4.082386363636363,4.154829545454546,10.333806818181818,165.28035795457387
1,0.55,1.0,0.0,0.0,0.45,1.0,0.0,0.0,1.0,49.75,66.75,5.35,5.95,501.0,11344.4238
2,0.4444444444444444,1.0,0.0,0.4444444444444444,0.5555555555555556,1.0,0.0,0.0,1.0,48.888888888888886,66.11111111111111,2.5555555555555554,5.0,405.44444444444446,6014.966444444445
3,0.5882352941176471,1.0,0.17647058823529413,0.35294117647058826,0.4117647058823529,0.7647058823529411,0.0,0.058823529411764705,1.0,62.05882352941177,54.705882352941174,3.3529411764705883,3.411764705882353,223.7058823529412,2194.927588235294
