cluster,F,Smoother,ColorGS,RelaxParameter,V,Jacobi,Line,ZebraLine,Cycle,Alpha,Beta,PreSmoothing,PostSmoothing,NumberIterations-, TimeToSolution- 
0,0.4507042253521127,1.0,0.24647887323943662,0.4859154929577465,0.5492957746478874,0.19014084507042253,0.29577464788732394,0.2676056338028169,1.0,59.647887323943664,60.0,4.154929577464789,4.161971830985915,12.570422535211268,201.35139436612675
1,0.6,1.0,0.0,0.0,0.4,1.0,0.0,0.0,1.0,72.0,63.0,3.6,3.0,501.0,7521.0626
2,1.0,1.0,0.0,0.0,0.0,1.0,0.0,0.0,1.0,70.0,90.0,8.0,6.0,501.0,15085.639
3,1.0,1.0,0.0,0.5,0.0,1.0,0.0,0.0,1.0,5.0,85.0,3.5,3.5,350.0,4607.9310000000005
