cluster,F,Smoother,ColorGS,RelaxParameter,V,Jacobi,Line,ZebraLine,Cycle,Alpha,Beta,PreSmoothing,PostSmoothing,NumberIterations-, TimeToSolution- 
0,0.5089903181189488,1.0,0.2676348547717842,0.5089903181189488,0.49100968188105115,0.2074688796680498,0.2641770401106501,0.2607192254495159,1.0,59.820193637621024,59.066390041493776,4.1037344398340245,4.021438450899032,11.291839557399724,182.38540663895574
1,0.375,1.0,0.0,0.0,0.625,1.0,0.0,0.0,1.0,59.583333333333336,66.66666666666667,4.416666666666667,5.125,501.0,9129.486541666667
2,0.5833333333333334,1.0,0.20833333333333334,0.16666666666666666,0.4166666666666667,0.7083333333333334,0.0,0.08333333333333333,1.0,58.958333333333336,58.75,3.125,2.625,371.6666666666667,4114.574375
3,0.8333333333333334,1.0,0.0,0.0,0.16666666666666666,1.0,0.0,0.0,1.0,66.66666666666667,45.0,6.833333333333333,6.5,501.0,13864.5355
