cluster,F,Smoother,ColorGS,RelaxParameter,V,Jacobi,Line,ZebraLine,Cycle,Alpha,Beta,PreSmoothing,PostSmoothing,NumberIterations-, TimeToSolution- 
0,0.47801418439716314,1.0,0.2326241134751773,0.48652482269503544,0.5219858156028369,0.2226950354609929,0.2553191489361702,0.28936170212765955,1.0,59.90070921985816,60.304964539007095,3.948936170212766,4.078014184397163,11.046808510638298,177.03779432631205
1,0.75,1.0,0.0,0.0,0.25,1.0,0.0,0.0,1.0,55.833333333333336,55.416666666666664,5.416666666666667,5.666666666666667,501.0,11725.481749999999
2,0.5,1.0,0.0,0.125,0.5,1.0,0.0,0.0,1.0,57.8125,65.625,4.6875,3.3125,462.3125,7466.128875
3,1.0,1.0,0.0,0.0,0.0,1.0,0.0,0.0,1.0,48.0,62.0,6.8,7.4,501.0,15728.392200000002
4,0.3333333333333333,1.0,0.25,0.4166666666666667,0.6666666666666666,0.5,0.16666666666666666,0.08333333333333333,1.0,72.08333333333333,64.16666666666667,4.666666666666667,3.5833333333333335,215.25,2649.9955833333333
