cluster,F,Smoother,ColorGS,RelaxParameter,V,Jacobi,Line,ZebraLine,Cycle,Alpha,Beta,PreSmoothing,PostSmoothing,NumberIterations-, TimeToSolution- 
0,0.5547445255474452,1.0,0.3284671532846715,0.5547445255474452,0.44525547445255476,0.1678832116788321,0.23357664233576642,0.27007299270072993,1.0,61.78832116788321,56.13138686131387,4.160583941605839,4.153284671532846,7.525547445255475,133.60697810218977
1,0.0,1.0,0.0,0.0,1.0,1.0,0.0,0.0,1.0,45.0,90.0,6.0,1.0,501.0,6280.471
2,0.0,1.0,0.0,0.5,1.0,0.5,0.0,0.5,1.0,60.0,87.5,5.0,1.0,324.0,3464.9875
3,1.0,1.0,0.0,0.0,0.0,1.0,0.0,0.0,1.0,90.0,10.0,7.0,0.0,501.0,8560.096
4,0.5555555555555556,1.0,0.0,0.6666666666666666,0.4444444444444444,0.6666666666666666,0.1111111111111111,0.2222222222222222,1.0,47.22222222222222,76.66666666666667,5.333333333333333,3.3333333333333335,45.55555555555556,649.2354444444444
