cluster,F,Smoother,ColorGS,RelaxParameter,V,Jacobi,Line,ZebraLine,Cycle,Alpha,Beta,PreSmoothing,PostSmoothing,NumberIterations-, TimeToSolution- 
0,0.43448275862068964,1.0,0.2689655172413793,0.46206896551724136,0.5655172413793104,0.23448275862068965,0.21379310344827587,0.2827586206896552,1.0,60.0,61.13793103448276,4.151724137931034,4.448275862068965,13.924137931034483,185.95936551737933
1,1.0,1.0,0.0,0.0,0.0,1.0,0.0,0.0,1.0,62.5,52.5,6.5,4.5,501.0,12414.785
2,0.0,1.0,0.0,0.3333333333333333,1.0,1.0,0.0,0.0,1.0,45.0,58.333333333333336,2.0,3.0,472.6666666666667,4676.426666666666
