cluster,F,Smoother,ColorGS,RelaxParameter,V,Jacobi,Line,ZebraLine,Cycle,Alpha,Beta,PreSmoothing,PostSmoothing,NumberIterations-, TimeToSolution- 
0,0.4919524142757173,1.0,0.24842547235829252,0.5087473757872638,0.5080475857242828,0.20363890832750176,0.2568229531140658,0.29111266620014,1.0,60.444366689993004,59.76906927921623,4.023093072078376,4.009797060881735,10.795661301609517,173.4467179846606
1,0.7,1.0,0.0,0.0,0.3,1.0,0.0,0.0,1.0,62.0,58.75,4.55,6.05,501.0,11118.2955
2,0.5,1.0,0.0,0.08333333333333333,0.5,1.0,0.0,0.0,1.0,52.916666666666664,63.333333333333336,4.25,2.625,483.4166666666667,6995.5891249999995
3,0.5555555555555556,1.0,0.2962962962962963,0.2962962962962963,0.4444444444444444,0.5555555555555556,0.07407407407407407,0.07407407407407407,1.0,57.22222222222222,67.22222222222223,3.074074074074074,2.4074074074074074,317.2962962962963,3260.9696666666664
