cluster,F,Smoother,ColorGS,RelaxParameter,V,Jacobi,Line,ZebraLine,Cycle,Alpha,Beta,PreSmoothing,PostSmoothing,NumberIterations-, TimeToSolution- 
0,0.49480249480249483,1.0,0.23700623700623702,0.5453915453915454,0.5051975051975052,0.23700623700623702,0.2494802494802495,0.2765072765072765,1.0,58.884268884268884,60.197505197505194,3.952875952875953,4.0498960498960495,12.511434511434512,187.43424324329175
1,0.2916666666666667,1.0,0.0,0.0,0.7083333333333334,1.0,0.0,0.0,1.0,49.375,67.70833333333333,4.541666666666667,4.625,501.0,8846.879041666667
2,1.0,1.0,0.0,0.0,0.0,1.0,0.0,0.0,1.0,59.285714285714285,67.85714285714286,6.571428571428571,6.428571428571429,501.0,14534.528571428573
3,0.23076923076923078,1.0,0.0,0.34615384615384615,0.7692307692307693,0.8461538461538461,0.11538461538461539,0.038461538461538464,1.0,73.46153846153847,63.26923076923077,2.5384615384615383,3.1538461538461537,411.8076923076923,4624.665230769231
