cluster,F,Smoother,ColorGS,RelaxParameter,V,Jacobi,Line,ZebraLine,Cycle,Alpha,Beta,PreSmoothing,PostSmoothing,NumberIterations-, TimeToSolution- 
0,0.5517241379310345,1.0,0.10344827586206896,0.41379310344827586,0.4482758620689655,0.5517241379310345,0.13793103448275862,0.20689655172413793,1.0,68.27586206896552,71.20689655172414,3.2758620689655173,3.1379310344827585,339.0344827586207,4472.299724137931
1,0.5010482180293501,1.0,0.27044025157232704,0.5380852550663872,0.4989517819706499,0.2375960866526904,0.2578616352201258,0.23410202655485673,1.0,60.083857442348005,59.737945492662476,3.9804332634521313,4.055904961565339,11.670859538784066,184.30500209652692
2,0.7857142857142857,1.0,0.0,0.0,0.21428571428571427,1.0,0.0,0.0,1.0,52.5,64.28571428571429,7.0,5.571428571428571,501.0,12906.785
3,0.4230769230769231,1.0,0.0,0.0,0.5769230769230769,1.0,0.0,0.0,1.0,63.84615384615385,61.34615384615385,4.6923076923076925,3.6923076923076925,501.0,8370.034423076922
