cluster,F,Smoother,ColorGS,RelaxParameter,V,Jacobi,Line,ZebraLine,Cycle,Alpha,Beta,PreSmoothing,PostSmoothing,NumberIterations-, TimeToSolution- 
0,0.4790502793296089,1.0,0.2430167597765363,0.5391061452513967,0.520949720670391,0.23324022346368714,0.2681564245810056,0.25558659217877094,1.0,60.04189944134078,59.574022346368714,4.068435754189944,4.185754189944134,11.481843575418994,187.13068435748602
1,0.3076923076923077,1.0,0.0,0.07692307692307693,0.6923076923076923,1.0,0.0,0.0,1.0,62.30769230769231,70.76923076923077,2.8461538461538463,3.923076923076923,488.6923076923077,6690.049384615384
2,0.5714285714285714,1.0,0.0,0.0,0.42857142857142855,1.0,0.0,0.0,1.0,55.0,69.28571428571429,6.714285714285714,5.571428571428571,501.0,12153.765142857143
3,0.42857142857142855,1.0,0.0,0.42857142857142855,0.5714285714285714,0.5,0.35714285714285715,0.14285714285714285,1.0,72.14285714285714,78.21428571428571,3.0,4.0,280.14285714285717,3694.7788571428573
