cluster,F,Smoother,ColorGS,RelaxParameter,V,Jacobi,Line,ZebraLine,Cycle,Alpha,Beta,PreSmoothing,PostSmoothing,NumberIterations-, TimeToSolution- 
0,0.5,1.0,0.2876712328767123,0.5616438356164384,0.5,0.1780821917808219,0.23972602739726026,0.2945205479452055,1.0,60.0,58.49315068493151,3.863013698630137,3.7260273972602738,9.582191780821917,157.4245068491781
1,1.0,1.0,0.0,0.0,0.0,1.0,0.0,0.0,1.0,35.0,90.0,7.0,6.0,501.0,14472.013
2,0.0,1.0,0.0,0.0,1.0,1.0,0.0,0.0,1.0,65.0,90.0,3.0,3.0,501.0,5581.687
3,0.5,1.0,0.0,0.5,0.5,1.0,0.0,0.0,1.0,50.0,57.5,4.0,0.0,296.5,1918.4830000000002
