cluster,F,Smoother,ColorGS,RelaxParameter,V,Jacobi,Line,ZebraLine,Cycle,Alpha,Beta,PreSmoothing,PostSmoothing,NumberIterations-, TimeToSolution- 
0,0.5193905817174516,1.0,0.2867036011080332,0.48614958448753465,0.4806094182825485,0.2077562326869806,0.25346260387811637,0.2520775623268698,1.0,60.526315789473685,58.89196675900277,4.038781163434903,4.306094182825484,11.054016620498615,180.41708310253463
1,0.35714285714285715,1.0,0.0,0.14285714285714285,0.6428571428571429,1.0,0.0,0.0,1.0,47.5,59.285714285714285,3.0714285714285716,4.357142857142857,480.07142857142856,7272.739714285714
2,0.6666666666666666,1.0,0.3333333333333333,0.5,0.3333333333333333,0.3333333333333333,0.16666666666666666,0.16666666666666666,1.0,75.83333333333333,46.666666666666664,2.5,2.0,346.1666666666667,3271.4638333333332
3,0.375,1.0,0.0,0.0,0.625,1.0,0.0,0.0,1.0,58.75,69.375,4.5,6.625,501.0,10429.422125
