cluster,F,Smoother,ColorGS,RelaxParameter,V,Jacobi,Line,ZebraLine,Cycle,Alpha,Beta,PreSmoothing,PostSmoothing,NumberIterations-, TimeToSolution- 
0,0.49235048678720444,1.0,0.2454798331015299,0.5132127955493742,0.5076495132127955,0.22044506258692628,0.28025034770514606,0.25382475660639775,1.0,60.013908205841446,60.479833101529906,4.040333796940195,4.031293463143254,12.53894297635605,190.89457858139775
1,0.4,1.0,0.0,0.0,0.6,1.0,0.0,0.0,1.0,44.0,66.33333333333333,4.533333333333333,5.066666666666666,501.0,9403.485266666667
2,0.3333333333333333,1.0,0.0,0.26666666666666666,0.6666666666666666,0.9333333333333333,0.06666666666666667,0.0,1.0,59.833333333333336,68.16666666666667,2.566666666666667,3.1,453.8,5194.366033333334
3,0.7647058823529411,1.0,0.0,0.0,0.23529411764705882,1.0,0.0,0.0,1.0,67.3529411764706,53.529411764705884,6.176470588235294,6.764705882352941,501.0,13432.451294117647
