cluster,F,Smoother,ColorGS,RelaxParameter,V,Jacobi,Line,ZebraLine,Cycle,Alpha,Beta,PreSmoothing,PostSmoothing,NumberIterations-, TimeToSolution- 
0,0.5035260930888575,1.0,0.2566995768688293,0.5260930888575458,0.49647390691114246,0.21156558533145275,0.2863187588152327,0.2454160789844852,1.0,60.9802538787024,57.898448519040905,3.9435825105782794,4.004231311706629,11.10719322990127,175.62714809600845
1,0.5714285714285714,1.0,0.0,0.0,0.42857142857142855,1.0,0.0,0.0,1.0,56.07142857142857,70.0,3.5714285714285716,5.0,501.0,8918.484142857144
2,1.0,1.0,0.0,0.0,0.0,1.0,0.0,0.0,1.0,65.0,58.57142857142857,7.428571428571429,5.428571428571429,501.0,14344.421714285714
3,0.5,1.0,0.1,0.45,0.5,0.85,0.05,0.0,1.0,61.0,52.5,3.05,3.4,387.6,4646.13785
