cluster,F,Smoother,ColorGS,RelaxParameter,V,Jacobi,Line,ZebraLine,Cycle,Alpha,Beta,PreSmoothing,PostSmoothing,NumberIterations-, TimeToSolution- 
0,0.4869992972593113,1.0,0.2600140548137737,0.5080815179198875,0.5130007027406887,0.19747013352073084,0.29304286718200984,0.2494729444834856,1.0,60.0,60.024595924104005,4.160224877020379,3.9641602248770202,11.122276879831341,182.3367420941532
1,0.7307692307692307,1.0,0.0,0.0,0.2692307692307692,1.0,0.0,0.0,1.0,59.23076923076923,61.53846153846154,6.153846153846154,5.5,501.0,12343.139423076924
2,0.5925925925925926,1.0,0.0,0.07407407407407407,0.4074074074074074,1.0,0.0,0.0,1.0,60.55555555555556,75.37037037037037,2.962962962962963,4.814814814814815,478.74074074074076,7747.950148148148
3,0.4166666666666667,1.0,0.25,0.125,0.5833333333333334,0.7083333333333334,0.041666666666666664,0.0,1.0,63.541666666666664,63.958333333333336,2.875,2.0833333333333335,356.1666666666667,3308.92175
