cluster,F,Smoother,ColorGS,RelaxParameter,V,Jacobi,Line,ZebraLine,Cycle,Alpha,Beta,PreSmoothing,PostSmoothing,NumberIterations-, TimeToSolution- 
0,0.41911764705882354,1.0,0.29411764705882354,0.5514705882352942,0.5808823529411765,0.18382352941176472,0.2647058823529412,0.25735294117647056,1.0,60.845588235294116,56.39705882352941,4.036764705882353,4.198529411764706,10.066176470588236,161.84203676470588
1,0.0,1.0,0.0,0.0,1.0,1.0,0.0,0.0,1.0,15.0,90.0,8.0,7.0,501.0,11893.659
2,0.0,1.0,0.0,0.0,1.0,1.0,0.0,0.0,1.0,66.66666666666667,71.66666666666667,6.333333333333333,3.3333333333333335,501.0,8179.348666666666
3,0.5,1.0,0.125,0.375,0.5,0.5,0.125,0.25,1.0,88.125,53.125,4.125,3.75,91.25,1317.46725
4,1.0,1.0,0.5,0.0,0.0,0.5,0.0,0.0,1.0,17.5,75.0,0.5,3.5,344.0,3218.889
