cluster,F,Smoother,ColorGS,RelaxParameter,V,Jacobi,Line,ZebraLine,Cycle,Alpha,Beta,PreSmoothing,PostSmoothing,NumberIterations-, TimeToSolution- 
0,0.2727272727272727,1.0,0.0,0.0,0.7272727272727273,1.0,0.0,0.0,1.0,52.72727272727273,71.81818181818181,4.2727272727272725,5.636363636363637,501.0,9179.412727272727
1,0.5069060773480663,1.0,0.26933701657458564,0.5069060773480663,0.4930939226519337,0.1850828729281768,0.2638121546961326,0.281767955801105,1.0,59.54419889502763,59.43370165745856,4.064917127071824,4.017955801104972,11.00414364640884,181.28643922651935
2,0.6923076923076923,1.0,0.15384615384615385,0.07692307692307693,0.3076923076923077,0.7692307692307693,0.0,0.07692307692307693,1.0,48.46153846153846,71.92307692307692,2.0,2.6153846153846154,406.84615384615387,4085.452923076923
3,0.5,1.0,0.0,0.0,0.5,1.0,0.0,0.0,1.0,65.0,25.0,7.0,7.5,501.0,13805.389
