cluster,F,Smoother,ColorGS,RelaxParameter,V,Jacobi,Line,ZebraLine,Cycle,Alpha,Beta,PreSmoothing,PostSmoothing,NumberIterations-, TimeToSolution- 
0,0.6363636363636364,1.0,0.18181818181818182,0.36363636363636365,0.36363636363636365,0.5454545454545454,0.18181818181818182,0.09090909090909091,1.0,42.27272727272727,65.0,4.2727272727272725,4.636363636363637,44.0,800.3317272727272
1,0.5,1.0,0.0,0.0,0.5,1.0,0.0,0.0,1.0,77.5,47.5,2.5,4.0,501.0,7315.2915
2,0.5298507462686567,1.0,0.23880597014925373,0.4701492537313433,0.4701492537313433,0.22388059701492538,0.26865671641791045,0.26865671641791045,1.0,58.582089552238806,59.06716417910448,4.253731343283582,4.2611940298507465,8.507462686567164,157.72567910455223
3,0.6666666666666666,1.0,1.0,0.0,0.3333333333333333,0.0,0.0,0.0,1.0,61.666666666666664,60.0,2.6666666666666665,4.0,272.0,2481.786666666667
