cluster,F,Smoother,ColorGS,RelaxParameter,V,Jacobi,Line,ZebraLine,Cycle,Alpha,Beta,PreSmoothing,PostSmoothing,NumberIterations-, TimeToSolution- 
0,0.45985401459854014,1.0,0.24087591240875914,0.5620437956204379,0.5401459854014599,0.30656934306569344,0.21897810218978103,0.23357664233576642,1.0,62.627737226277375,57.55474452554745,4.0583941605839415,4.029197080291971,10.167883211678832,155.5332481751095
1,0.0,1.0,0.0,0.0,1.0,1.0,0.0,0.0,1.0,20.0,70.0,5.0,3.0,501.0,7023.121
2,0.5,1.0,0.0,0.0,0.5,1.0,0.0,0.0,1.0,82.5,37.5,6.0,3.0,501.0,9556.884
3,0.0,1.0,0.0,0.0,1.0,1.0,0.0,0.0,1.0,70.0,20.0,1.0,1.0,501.0,3067.999
4,0.4444444444444444,1.0,0.1111111111111111,0.3333333333333333,0.5555555555555556,0.7777777777777778,0.1111111111111111,0.0,1.0,70.0,51.666666666666664,2.5555555555555554,3.4444444444444446,63.333333333333336,698.4336666666667
