cluster,F,Smoother,ColorGS,RelaxParameter,V,Jacobi,Line,ZebraLine,Cycle,Alpha,Beta,PreSmoothing,PostSmoothing,NumberIterations-, TimeToSolution- 
0,0.46153846153846156,1.0,0.20279720279720279,0.5034965034965035,0.5384615384615384,0.2517482517482518,0.3146853146853147,0.23076923076923078,1.0,61.04895104895105,58.00699300699301,4.062937062937063,3.8111888111888113,11.804195804195805,178.2578741255944
1,0.75,1.0,0.0,0.0,0.25,1.0,0.0,0.0,1.0,50.0,62.5,6.25,3.75,501.0,10437.60825
2,0.3333333333333333,1.0,0.0,0.3333333333333333,0.6666666666666666,1.0,0.0,0.0,1.0,36.666666666666664,56.666666666666664,2.3333333333333335,4.333333333333333,400.3333333333333,4768.949666666666
