cluster,F,Smoother,ColorGS,RelaxParameter,V,Jacobi,Line,ZebraLine,Cycle,Alpha,Beta,PreSmoothing,PostSmoothing,NumberIterations-, TimeToSolution- 
0,0.47586206896551725,1.0,0.2413793103448276,0.47586206896551725,0.5241379310344828,0.21379310344827587,0.32413793103448274,0.2206896551724138,1.0,60.13793103448276,57.827586206896555,4.1931034482758625,4.23448275862069,10.462068965517242,175.52993103448276
1,0.0,1.0,0.0,0.0,1.0,1.0,0.0,0.0,1.0,45.0,50.0,4.666666666666667,3.3333333333333335,501.0,7700.464666666667
2,1.0,1.0,0.0,0.0,0.0,1.0,0.0,0.0,1.0,87.5,75.0,7.0,3.0,501.0,11438.0085
