cluster,F,Smoother,ColorGS,RelaxParameter,V,Jacobi,Line,ZebraLine,Cycle,Alpha,Beta,PreSmoothing,PostSmoothing,NumberIterations-, TimeToSolution- 
0,0.4852941176470588,1.0,0.2867647058823529,0.5147058823529411,0.5147058823529411,0.20588235294117646,0.25735294117647056,0.25,1.0,59.88970588235294,61.1764705882353,4.095588235294118,4.411764705882353,9.080882352941176,161.90825000014706
1,0.3333333333333333,1.0,0.0,0.0,0.6666666666666666,1.0,0.0,0.0,1.0,38.333333333333336,63.333333333333336,3.6666666666666665,4.0,501.0,7649.576666666667
2,1.0,1.0,0.0,0.0,0.0,1.0,0.0,0.0,1.0,10.0,90.0,4.0,7.0,501.0,12659.279
3,0.8,1.0,0.2,0.4,0.2,0.5,0.3,0.0,1.0,55.0,69.0,2.1,3.1,114.3,1096.0148
