cluster,F,Smoother,ColorGS,RelaxParameter,V,Jacobi,Line,ZebraLine,Cycle,Alpha,Beta,PreSmoothing,PostSmoothing,NumberIterations-, TimeToSolution- 
0,0.5076601671309192,1.0,0.2646239554317549,0.5090529247910863,0.4923398328690808,0.21657381615598886,0.2562674094707521,0.26253481894150416,1.0,60.61629526462396,59.56824512534819,4.0355153203342615,4.1824512534818945,11.081476323119777,180.85153342622564
1,0.3157894736842105,1.0,0.0,0.15789473684210525,0.6842105263157895,1.0,0.0,0.0,1.0,48.68421052631579,64.73684210526316,2.1052631578947367,4.578947368421052,484.3157894736842,6631.277631578947
2,0.36363636363636365,1.0,0.0,0.0,0.6363636363636364,1.0,0.0,0.0,1.0,63.40909090909091,53.18181818181818,4.2272727272727275,5.454545454545454,501.0,9304.2325
3,0.8571428571428571,1.0,0.0,0.0,0.14285714285714285,1.0,0.0,0.0,1.0,61.42857142857143,72.14285714285714,5.714285714285714,5.857142857142857,501.0,12411.694428571429
4,0.5625,1.0,0.5,0.25,0.4375,0.3125,0.125,0.0625,1.0,70.3125,64.6875,2.3125,3.125,327.75,3219.3476875
