cluster,F,Smoother,ColorGS,RelaxParameter,V,Jacobi,Line,ZebraLine,Cycle,Alpha,Beta,PreSmoothing,PostSmoothing,NumberIterations-, TimeToSolution- 
0,0.512280701754386,1.0,0.2814035087719298,0.5214035087719299,0.48771929824561405,0.2168421052631579,0.2463157894736842,0.2554385964912281,1.0,59.8,60.291228070175436,4.1192982456140355,4.0028070175438595,12.515087719298245,193.25976000004914
1,0.52,1.0,0.0,0.0,0.48,1.0,0.0,0.0,1.0,67.6,55.4,5.16,4.92,501.0,10036.07436
2,0.5,1.0,0.047619047619047616,0.16666666666666666,0.5,0.8333333333333334,0.07142857142857142,0.047619047619047616,1.0,65.0,65.35714285714286,3.1904761904761907,2.880952380952381,426.7142857142857,5420.056571428571
3,0.875,1.0,0.0,0.0,0.125,1.0,0.0,0.0,1.0,70.625,45.625,7.375,6.875,501.0,15329.182
