cluster,F,Smoother,ColorGS,RelaxParameter,V,Jacobi,Line,ZebraLine,Cycle,Alpha,Beta,PreSmoothing,PostSmoothing,NumberIterations-, TimeToSolution- 
0,0.4860724233983287,1.0,0.27019498607242337,0.5403899721448467,0.5139275766016713,0.24512534818941503,0.25348189415041783,0.23119777158774374,1.0,59.64484679665738,59.192200557103064,3.934540389972145,3.987465181058496,11.416434540389972,176.97156406693594
1,0.5384615384615384,1.0,0.0,0.0,0.46153846153846156,1.0,0.0,0.0,1.0,69.61538461538461,59.61538461538461,4.769230769230769,2.3846153846153846,501.0,7637.921923076923
2,0.6,1.0,0.0,0.0,0.4,1.0,0.0,0.0,1.0,61.0,53.0,6.8,5.4,501.0,12212.7612
3,0.6428571428571429,1.0,0.07142857142857142,0.5714285714285714,0.35714285714285715,0.42857142857142855,0.14285714285714285,0.35714285714285715,1.0,76.07142857142857,76.78571428571429,3.7857142857142856,3.642857142857143,269.14285714285717,4037.483714285714
