cluster,F,Smoother,ColorGS,RelaxParameter,V,Jacobi,Line,ZebraLine,Cycle,Alpha,Beta,PreSmoothing,PostSmoothing,NumberIterations-, TimeToSolution- 
0,0.4762569832402235,1.0,0.26955307262569833,0.5181564245810056,0.5237430167597765,0.19832402234636873,0.2849162011173184,0.24720670391061453,1.0,59.252793296089386,60.391061452513966,4.114525139664805,4.0139664804469275,11.761173184357542,190.21941201122905
1,0.5,1.0,0.0,0.0,0.5,1.0,0.0,0.0,1.0,61.5,73.0,3.1,4.7,501.0,8050.341
2,0.46153846153846156,1.0,0.23076923076923078,0.23076923076923078,0.5384615384615384,0.6923076923076923,0.07692307692307693,0.0,1.0,66.15384615384616,56.92307692307692,2.923076923076923,2.5384615384615383,363.15384615384613,3658.5493846153845
3,0.8181818181818182,1.0,0.0,0.0,0.18181818181818182,1.0,0.0,0.0,1.0,54.09090909090909,65.9090909090909,6.0,4.909090909090909,501.0,11865.014909090909
