cluster,F,Smoother,ColorGS,RelaxParameter,V,Jacobi,Line,ZebraLine,Cycle,Alpha,Beta,PreSmoothing,PostSmoothing,NumberIterations-, TimeToSolution- 
0,0.47257383966244726,1.0,0.2559774964838256,0.5344585091420534,0.5274261603375527,0.20815752461322082,0.2630098452883263,0.27285513361462727,1.0,59.09985935302391,59.44444444444444,4.063291139240507,4.177215189873418,11.267229254571026,182.99240084388185
1,0.625,1.0,0.0,0.0,0.375,1.0,0.0,0.0,1.0,62.5,73.125,4.375,6.375,501.0,10809.248
2,0.375,1.0,0.0,0.0,0.625,1.0,0.0,0.0,1.0,79.0625,40.625,3.875,3.5,501.0,7413.228375
3,1.0,1.0,0.0,0.0,0.0,1.0,0.0,0.0,1.0,55.0,53.333333333333336,6.0,8.0,501.0,15440.632
4,0.6666666666666666,1.0,0.4166666666666667,0.16666666666666666,0.3333333333333333,0.3333333333333333,0.08333333333333333,0.16666666666666666,1.0,62.916666666666664,62.5,2.5,4.166666666666667,214.0,2687.7845833333336
