cluster,F,Smoother,ColorGS,RelaxParameter,V,Jacobi,Line,ZebraLine,Cycle,Alpha,Beta,PreSmoothing,PostSmoothing,NumberIterations-, TimeToSolution- 
0,0.5416666666666666,1.0,0.2916666666666667,0.4930555555555556,0.4583333333333333,0.2222222222222222,0.25,0.2361111111111111,1.0,60.03472222222222,61.49305555555556,3.7569444444444446,4.041666666666667,11.555555555555555,192.17152777784725
1,1.0,1.0,0.0,0.0,0.0,1.0,0.0,0.0,1.0,90.0,75.0,8.0,4.0,501.0,13133.022
2,1.0,1.0,0.0,0.0,0.0,0.3333333333333333,0.0,0.6666666666666666,1.0,88.33333333333333,86.66666666666667,3.0,1.0,313.3333333333333,3780.1566666666663
3,0.5,1.0,0.0,0.0,0.5,1.0,0.0,0.0,1.0,57.5,72.5,6.0,2.0,501.0,7842.836499999999
