cluster,F,Smoother,ColorGS,RelaxParameter,V,Jacobi,Line,ZebraLine,Cycle,Alpha,Beta,PreSmoothing,PostSmoothing,NumberIterations-, TimeToSolution- 
0,0.44755244755244755,1.0,0.21678321678321677,0.5384615384615384,0.5524475524475524,0.23776223776223776,0.24475524475524477,0.3006993006993007,1.0,58.95104895104895,60.59440559440559,4.055944055944056,3.86013986013986,13.314685314685315,197.42455944027972
1,1.0,1.0,0.0,0.0,0.0,1.0,0.0,0.0,1.0,80.0,80.0,8.0,5.5,501.0,15847.428
2,1.0,1.0,0.0,0.2,0.0,0.4,0.4,0.2,1.0,90.0,64.0,2.0,2.4,374.6,4831.4096
