cluster,F,Smoother,ColorGS,RelaxParameter,V,Jacobi,Line,ZebraLine,Cycle,Alpha,Beta,PreSmoothing,PostSmoothing,NumberIterations-, TimeToSolution- 
0,0.4806362378976487,1.0,0.2565698478561549,0.5228215767634855,0.5193637621023514,0.22199170124481327,0.26556016597510373,0.25587828492392806,1.0,59.85477178423236,60.452973720608576,4.029737206085754,4.077455048409405,12.239280774550483,193.88963001381742
1,0.7647058823529411,1.0,0.0,0.0,0.23529411764705882,1.0,0.0,0.0,1.0,54.411764705882355,68.23529411764706,6.176470588235294,5.823529411764706,501.0,12496.548705882353
2,0.45454545454545453,1.0,0.0,0.45454545454545453,0.5454545454545454,0.6818181818181818,0.22727272727272727,0.09090909090909091,1.0,72.04545454545455,67.95454545454545,3.3636363636363638,3.772727272727273,323.77272727272725,4475.0165
3,0.3333333333333333,1.0,0.0,0.0,0.6666666666666666,1.0,0.0,0.0,1.0,55.0,73.66666666666667,3.533333333333333,4.333333333333333,501.0,7792.6962
