cluster,F,Smoother,ColorGS,RelaxParameter,V,Jacobi,Line,ZebraLine,Cycle,Alpha,Beta,PreSmoothing,PostSmoothing,NumberIterations-, TimeToSolution- 
0,0.5146648044692738,1.0,0.26675977653631283,0.50768156424581,0.48533519553072624,0.21717877094972068,0.2611731843575419,0.25488826815642457,1.0,60.48184357541899,60.04539106145251,4.069832402234637,4.027932960893855,12.400139664804469,196.4610698324092
1,0.8823529411764706,1.0,0.0,0.0,0.11764705882352941,1.0,0.0,0.0,1.0,61.470588235294116,67.05882352941177,5.352941176470588,5.823529411764706,501.0,12085.159352941177
2,0.6551724137931034,1.0,0.20689655172413793,0.3793103448275862,0.3448275862068966,0.6551724137931034,0.10344827586206896,0.034482758620689655,1.0,66.89655172413794,68.79310344827586,3.4827586206896552,2.4482758620689653,352.13793103448273,4000.4447241379307
3,0.4090909090909091,1.0,0.0,0.045454545454545456,0.5909090909090909,1.0,0.0,0.0,1.0,59.77272727272727,61.36363636363637,4.2272727272727275,3.6818181818181817,493.72727272727275,7864.095318181819
