cluster,F,Smoother,ColorGS,RelaxParameter,V,Jacobi,Line,ZebraLine,Cycle,Alpha,Beta,PreSmoothing,PostSmoothing,NumberIterations-, TimeToSolution- 
0,0.5052484254723583,1.0,0.25192442267319803,0.5185444366689993,0.4947515745276417,0.21483554933519944,0.2729181245626312,0.2603219034289713,1.0,60.26592022393282,58.960811756473056,4.03149055283415,4.017494751574528,11.447165850244927,181.84476557038488
1,0.52,1.0,0.0,0.0,0.48,1.0,0.0,0.0,1.0,52.6,65.2,4.2,4.64,501.0,9036.48672
2,0.5,1.0,0.1388888888888889,0.4166666666666667,0.5,0.8055555555555556,0.027777777777777776,0.027777777777777776,1.0,59.166666666666664,54.583333333333336,2.888888888888889,3.2222222222222223,398.4166666666667,4653.2515277777775
3,1.0,1.0,0.0,0.0,0.0,1.0,0.0,0.0,1.0,56.0,58.5,7.1,5.7,501.0,14231.5946
