cluster,F,Smoother,ColorGS,RelaxParameter,V,Jacobi,Line,ZebraLine,Cycle,Alpha,Beta,PreSmoothing,PostSmoothing,NumberIterations-, TimeToSolution- 
0,0.56,1.0,0.2,0.44,0.44,0.64,0.08,0.08,1.0,66.6,58.2,3.08,3.4,216.68,2081.54652
1,0.48589562764456984,1.0,0.2559943582510578,0.5218617771509168,0.5141043723554302,0.21368124118476728,0.25811001410437234,0.27221438645980256,1.0,60.90267983074753,59.400564174894214,4.0627644569816646,4.1212976022567,10.313822284908321,168.78260366712976
2,0.5555555555555556,1.0,0.0,0.0,0.4444444444444444,1.0,0.0,0.0,1.0,53.333333333333336,64.16666666666667,4.944444444444445,5.972222222222222,501.0,10961.422805555556
3,0.47619047619047616,1.0,0.0,0.23809523809523808,0.5238095238095238,1.0,0.0,0.0,1.0,55.0,58.333333333333336,2.857142857142857,4.0476190476190474,446.5238095238095,6173.562047619048
