cluster,F,Smoother,ColorGS,RelaxParameter,V,Jacobi,Line,ZebraLine,Cycle,Alpha,Beta,PreSmoothing,PostSmoothing,NumberIterations-, TimeToSolution- 
0,0.5140845070422535,1.0,0.2323943661971831,0.528169014084507,0.4859154929577465,0.21830985915492956,0.33098591549295775,0.21830985915492956,1.0,59.7887323943662,58.16901408450704,4.091549295774648,4.112676056338028,10.147887323943662,177.76584507077465
1,0.6666666666666666,1.0,0.0,0.3333333333333333,0.3333333333333333,1.0,0.0,0.0,1.0,43.333333333333336,55.0,2.3333333333333335,3.3333333333333335,457.3333333333333,5562.505166666667
2,1.0,1.0,0.0,0.0,0.0,1.0,0.0,0.0,1.0,85.0,90.0,0.0,7.0,501.0,8351.852
3,1.0,1.0,0.0,0.0,0.0,1.0,0.0,0.0,1.0,55.0,90.0,7.0,5.0,501.0,13149.649
