cluster,F,Smoother,ColorGS,RelaxParameter,V,Jacobi,Line,ZebraLine,Cycle,Alpha,Beta,PreSmoothing,PostSmoothing,NumberIterations-, TimeToSolution- 
0,0.4507042253521127,1.0,0.3028169014084507,0.5070422535211268,0.5492957746478874,0.22535211267605634,0.24647887323943662,0.22535211267605634,1.0,61.478873239436616,60.63380281690141,4.140845070422535,4.514084507042254,10.070422535211268,181.8106549293662
1,0.75,1.0,0.0,0.0,0.25,1.0,0.0,0.0,1.0,66.25,80.0,3.25,4.25,501.0,8390.0415
2,0.3333333333333333,1.0,0.0,0.3333333333333333,0.6666666666666666,0.6666666666666666,0.3333333333333333,0.0,1.0,45.0,75.0,2.6666666666666665,4.666666666666667,296.3333333333333,4261.959666666667
3,1.0,1.0,0.0,0.0,0.0,1.0,0.0,0.0,1.0,65.0,90.0,8.0,6.0,501.0,15010.852
