cluster,F,Smoother,ColorGS,RelaxParameter,V,Jacobi,Line,ZebraLine,Cycle,Alpha,Beta,PreSmoothing,PostSmoothing,NumberIterations-, TimeToSolution- 
0,0.49543859649122807,1.0,0.26526315789473687,0.5263157894736842,0.5045614035087719,0.21052631578947367,0.24701754385964914,0.2771929824561403,1.0,59.74035087719298,59.77894736842105,3.999298245614035,4.090526315789473,11.707368421052632,186.0776407017965
1,0.5428571428571428,1.0,0.0,0.0,0.45714285714285713,1.0,0.0,0.0,1.0,71.14285714285714,49.857142857142854,4.0285714285714285,3.914285714285714,501.0,8259.275314285715
2,0.5357142857142857,1.0,0.25,0.21428571428571427,0.4642857142857143,0.5357142857142857,0.07142857142857142,0.14285714285714285,1.0,68.75,62.142857142857146,3.0357142857142856,2.857142857142857,324.89285714285717,3551.717857142857
3,0.8333333333333334,1.0,0.0,0.0,0.16666666666666666,1.0,0.0,0.0,1.0,62.5,52.083333333333336,5.416666666666667,6.583333333333333,501.0,12799.232833333333
