cluster,F,Smoother,ColorGS,RelaxParameter,V,Jacobi,Line,ZebraLine,Cycle,Alpha,Beta,PreSmoothing,PostSmoothing,NumberIterations-, TimeToSolution- 
0,0.5090655509065551,1.0,0.26638772663877264,0.5425383542538355,0.4909344490934449,0.2482566248256625,0.24407252440725244,0.2412831241283124,1.0,60.92747559274756,59.86750348675035,4.147838214783821,3.9428172942817294,11.306834030683403,177.63117433747558
1,0.875,1.0,0.0,0.0,0.125,1.0,0.0,0.0,1.0,49.375,64.375,6.125,6.5,501.0,13634.87775
2,0.42857142857142855,1.0,0.0,0.14285714285714285,0.5714285714285714,1.0,0.0,0.0,1.0,56.785714285714285,61.785714285714285,3.7857142857142856,3.357142857142857,487.85714285714283,7356.923428571428
3,0.45454545454545453,1.0,0.09090909090909091,0.18181818181818182,0.5454545454545454,0.5454545454545454,0.18181818181818182,0.18181818181818182,1.0,67.27272727272727,73.18181818181819,1.8181818181818181,2.727272727272727,331.1818181818182,2895.4957272727274
