cluster,F,Smoother,ColorGS,RelaxParameter,V,Jacobi,Line,ZebraLine,Cycle,Alpha,Beta,PreSmoothing,PostSmoothing,NumberIterations-, TimeToSolution- 
0,0.48812849162011174,1.0,0.23952513966480446,0.5146648044692738,0.5118715083798883,0.22276536312849163,0.26675977653631283,0.2709497206703911,1.0,59.13058659217877,60.65293296089386,4.159916201117318,4.020251396648045,12.38268156424581,194.59807751398046
1,0.6,1.0,0.0,0.0,0.4,1.0,0.0,0.0,1.0,63.0,66.5,4.75,5.95,501.0,10855.60395
2,0.3103448275862069,1.0,0.0,0.13793103448275862,0.6896551724137931,1.0,0.0,0.0,1.0,62.06896551724138,59.310344827586206,2.413793103448276,4.241379310344827,485.82758620689657,6539.2354827586205
3,0.3684210526315789,1.0,0.15789473684210525,0.2631578947368421,0.631578947368421,0.42105263157894735,0.15789473684210525,0.2631578947368421,1.0,77.63157894736842,75.0,3.210526315789474,2.473684210526316,307.36842105263156,2946.042263157895
