cluster,F,Smoother,ColorGS,RelaxParameter,V,Jacobi,Line,ZebraLine,Cycle,Alpha,Beta,PreSmoothing,PostSmoothing,NumberIterations-, TimeToSolution- 
0,0.4880450070323488,1.0,0.24964838255977498,0.509142053445851,0.5119549929676512,0.21448663853727146,0.2587904360056259,0.2770745428973277,1.0,59.9789029535865,60.527426160337555,3.949367088607595,4.0260196905766525,12.00210970464135,187.37758438819972
1,0.45714285714285713,1.0,0.0,0.0,0.5428571428571428,1.0,0.0,0.0,1.0,65.28571428571429,58.142857142857146,3.914285714285714,4.142857142857143,501.0,8192.674771428572
2,0.8421052631578947,1.0,0.0,0.0,0.15789473684210525,1.0,0.0,0.0,1.0,49.73684210526316,58.1578947368421,6.157894736842105,5.894736842105263,501.0,12981.966421052632
3,0.3333333333333333,1.0,0.125,0.4166666666666667,0.6666666666666666,0.6666666666666666,0.125,0.08333333333333333,1.0,62.5,74.79166666666667,4.291666666666667,3.4583333333333335,312.3333333333333,4212.337625
