cluster,F,Smoother,ColorGS,RelaxParameter,V,Jacobi,Line,ZebraLine,Cycle,Alpha,Beta,PreSmoothing,PostSmoothing,NumberIterations-, TimeToSolution- 
0,0.43356643356643354,1.0,0.23776223776223776,0.4965034965034965,0.5664335664335665,0.23076923076923078,0.1958041958041958,0.3356643356643357,1.0,59.33566433566433,59.93006993006993,4.104895104895105,4.153846153846154,11.048951048951048,175.3552727274126
1,1.0,1.0,0.0,0.0,0.0,1.0,0.0,0.0,1.0,25.0,65.0,6.666666666666667,6.666666666666667,501.0,14591.171666666667
2,0.0,1.0,0.0,0.0,1.0,1.0,0.0,0.0,1.0,80.0,90.0,4.0,6.0,501.0,8395.175
3,0.6666666666666666,1.0,0.0,0.6666666666666666,0.3333333333333333,0.3333333333333333,0.0,0.6666666666666666,1.0,86.66666666666667,60.0,4.333333333333333,2.3333333333333335,112.33333333333333,1792.5686666666668
