cluster,F,Smoother,ColorGS,RelaxParameter,V,Jacobi,Line,ZebraLine,Cycle,Alpha,Beta,PreSmoothing,PostSmoothing,NumberIterations-, TimeToSolution- 
0,0.5034965034965035,1.0,0.2601398601398601,0.5188811188811189,0.4965034965034965,0.1986013986013986,0.26153846153846155,0.27972027972027974,1.0,60.11188811188811,60.31468531468531,3.9678321678321677,3.993006993006993,12.643356643356643,191.25132727278324
1,0.6666666666666666,1.0,0.0,0.0,0.3333333333333333,1.0,0.0,0.0,1.0,72.77777777777777,57.22222222222222,6.0,3.7777777777777777,501.0,10149.845333333333
2,0.5454545454545454,1.0,0.0,0.22727272727272727,0.45454545454545453,0.8636363636363636,0.09090909090909091,0.045454545454545456,1.0,69.77272727272727,72.04545454545455,3.227272727272727,2.590909090909091,444.40909090909093,5632.561318181818
3,0.75,1.0,0.0,0.0,0.25,1.0,0.0,0.0,1.0,73.75,55.0,8.0,6.5,501.0,15330.57775
