cluster,F,Smoother,ColorGS,RelaxParameter,V,Jacobi,Line,ZebraLine,Cycle,Alpha,Beta,PreSmoothing,PostSmoothing,NumberIterations-, TimeToSolution- 
0,0.4744525547445255,1.0,0.25547445255474455,0.5182481751824818,0.5255474452554745,0.12408759124087591,0.24817518248175183,0.3722627737226277,1.0,60.21897810218978,57.55474452554745,4.160583941605839,4.153284671532846,7.240875912408759,127.74937226291969
1,0.0,1.0,0.0,0.0,1.0,1.0,0.0,0.0,1.0,57.5,72.5,6.5,4.5,501.0,9573.4715
2,0.9090909090909091,1.0,0.36363636363636365,0.2727272727272727,0.09090909090909091,0.45454545454545453,0.09090909090909091,0.09090909090909091,1.0,57.72727272727273,52.72727272727273,2.090909090909091,4.545454545454546,46.45454545454545,644.1907272727273
