cluster,F,Smoother,ColorGS,RelaxParameter,V,Jacobi,Line,ZebraLine,Cycle,Alpha,Beta,PreSmoothing,PostSmoothing,NumberIterations-, TimeToSolution- 
0,0.5334261838440112,1.0,0.2799442896935933,0.5278551532033426,0.46657381615598886,0.23119777158774374,0.23119777158774374,0.2576601671309192,1.0,60.92618384401114,58.66991643454039,4.149025069637883,4.104456824512535,10.344011142061282,169.6504777158635
1,0.6666666666666666,1.0,0.0,0.0,0.3333333333333333,1.0,0.0,0.0,1.0,64.16666666666667,45.416666666666664,4.666666666666667,4.166666666666667,501.0,9599.854083333334
2,0.25,1.0,0.3333333333333333,0.3333333333333333,0.75,0.4166666666666667,0.08333333333333333,0.16666666666666666,1.0,44.583333333333336,75.41666666666667,3.4166666666666665,1.75,340.8333333333333,3343.9981666666667
3,0.25,1.0,0.0,0.125,0.75,1.0,0.0,0.0,1.0,61.25,69.375,5.0,2.0,468.25,6254.76725
