cluster,F,Smoother,ColorGS,RelaxParameter,V,Jacobi,Line,ZebraLine,Cycle,Alpha,Beta,PreSmoothing,PostSmoothing,NumberIterations-, TimeToSolution- 
0,0.3125,1.0,0.0,0.4375,0.6875,0.8125,0.125,0.0625,1.0,84.6875,61.5625,2.25,3.125,382.0625,4066.064125
1,0.1875,1.0,0.0,0.0,0.8125,1.0,0.0,0.0,1.0,55.0,63.125,4.75,4.6875,501.0,8825.773375
2,0.46638655462184875,1.0,0.22408963585434175,0.5448179271708683,0.5336134453781513,0.24789915966386555,0.24649859943977592,0.2815126050420168,1.0,58.61344537815126,59.97899159663866,3.9635854341736696,3.8865546218487395,11.85014005602241,181.02002941187675
3,1.0,1.0,0.0,0.0,0.0,1.0,0.0,0.0,1.0,36.25,82.5,6.5,7.0,501.0,14915.702500000001
