cluster,F,Smoother,ColorGS,RelaxParameter,V,Jacobi,Line,ZebraLine,Cycle,Alpha,Beta,PreSmoothing,PostSmoothing,NumberIterations-, TimeToSolution- 
0,0.4935251798561151,1.0,0.25323741007194245,0.5035971223021583,0.5064748201438849,0.22589928057553957,0.2733812949640288,0.2474820143884892,1.0,60.65467625899281,59.194244604316545,3.972661870503597,4.122302158273381,10.581294964028777,168.19313812952518
1,0.35294117647058826,1.0,0.0,0.058823529411764705,0.6470588235294118,1.0,0.0,0.0,1.0,55.0,56.470588235294116,3.5294117647058822,4.117647058823529,499.5882352941176,7712.643117647058
2,0.36363636363636365,1.0,0.0,0.36363636363636365,0.6363636363636364,0.8181818181818182,0.09090909090909091,0.09090909090909091,1.0,63.63636363636363,62.72727272727273,4.0,2.3636363636363638,412.27272727272725,5155.982272727273
3,0.5555555555555556,1.0,0.0,0.0,0.4444444444444444,1.0,0.0,0.0,1.0,77.77777777777777,61.111111111111114,6.111111111111111,4.888888888888889,501.0,11253.10288888889
4,0.4444444444444444,1.0,0.16666666666666666,0.5,0.5555555555555556,0.6666666666666666,0.16666666666666666,0.0,1.0,46.388888888888886,68.61111111111111,4.444444444444445,3.6666666666666665,110.83333333333333,1480.5512777777778
