cluster,F,Smoother,ColorGS,RelaxParameter,V,Jacobi,Line,ZebraLine,Cycle,Alpha,Beta,PreSmoothing,PostSmoothing,NumberIterations-, TimeToSolution- 
0,0.5071428571428571,1.0,0.2642857142857143,0.5928571428571429,0.4928571428571429,0.2,0.2857142857142857,0.25,1.0,62.0,57.464285714285715,3.9285714285714284,3.992857142857143,11.042857142857143,183.60692142857144
1,0.3333333333333333,1.0,0.0,0.0,0.6666666666666666,1.0,0.0,0.0,1.0,36.666666666666664,76.66666666666667,5.666666666666667,2.0,501.0,7857.833666666666
2,1.0,1.0,0.0,0.0,0.0,1.0,0.0,0.0,1.0,30.0,76.66666666666667,6.333333333333333,7.0,501.0,14447.341999999999
3,0.25,1.0,0.0,0.75,0.75,0.75,0.25,0.0,1.0,85.0,47.5,6.5,2.25,280.0,4608.6585
