cluster,F,Smoother,ColorGS,RelaxParameter,V,Jacobi,Line,ZebraLine,Cycle,Alpha,Beta,PreSmoothing,PostSmoothing,NumberIterations-, TimeToSolution- 
0,0.4894366197183099,1.0,0.2535211267605634,0.502112676056338,0.5105633802816901,0.22183098591549297,0.2647887323943662,0.25985915492957745,1.0,60.355633802816904,58.73943661971831,3.9598591549295774,4.055633802816901,12.714788732394366,193.4076007042817
1,0.35135135135135137,1.0,0.0,0.02702702702702703,0.6486486486486487,1.0,0.0,0.0,1.0,63.108108108108105,63.648648648648646,4.27027027027027,4.0,500.35135135135135,8095.401189189189
2,0.6875,1.0,0.0,0.0,0.3125,1.0,0.0,0.0,1.0,64.375,58.4375,5.8125,5.875,501.0,12326.7468125
3,0.4444444444444444,1.0,0.14814814814814814,0.2962962962962963,0.5555555555555556,0.6666666666666666,0.1111111111111111,0.07407407407407407,1.0,58.7037037037037,59.25925925925926,3.3703703703703702,2.7777777777777777,363.85185185185185,4260.968592592592
