cluster,F,Smoother,ColorGS,RelaxParameter,V,Jacobi,Line,ZebraLine,Cycle,Alpha,Beta,PreSmoothing,PostSmoothing,NumberIterations-, TimeToSolution- 
0,0.5146648044692738,1.0,0.27932960893854747,0.5174581005586593,0.48533519553072624,0.2206703910614525,0.24231843575418993,0.25768156424581007,1.0,60.88687150837989,59.249301675977655,4.155027932960894,4.0942737430167595,11.274441340782124,178.62389455306564
1,0.6428571428571429,1.0,0.0,0.0,0.35714285714285715,1.0,0.0,0.0,1.0,59.285714285714285,53.92857142857143,5.928571428571429,5.785714285714286,501.0,11820.7065
2,0.45454545454545453,1.0,0.15151515151515152,0.2727272727272727,0.5454545454545454,0.6666666666666666,0.06060606060606061,0.12121212121212122,1.0,63.93939393939394,63.333333333333336,3.727272727272727,1.878787878787879,397.90909090909093,4611.4281515151515
3,0.5238095238095238,1.0,0.0,0.0,0.47619047619047616,1.0,0.0,0.0,1.0,65.95238095238095,43.57142857142857,4.476190476190476,3.5714285714285716,501.0,8530.128285714285
