cluster,F,Smoother,ColorGS,RelaxParameter,V,Jacobi,Line,ZebraLine,Cycle,Alpha,Beta,PreSmoothing,PostSmoothing,NumberIterations-, TimeToSolution- 
0,0.47572815533980584,1.0,0.2538141470180305,0.5339805825242718,0.5242718446601942,0.21220527045769763,0.27461858529819694,0.2593619972260749,1.0,59.84743411927878,60.79750346740638,4.011095700416089,4.067961165048544,13.332871012482663,197.84082801667128
1,0.25,1.0,0.0,0.125,0.75,0.9375,0.0625,0.0,1.0,63.4375,62.1875,2.4375,3.25,475.875,5622.4120625
2,1.0,1.0,0.0,0.0,0.0,1.0,0.0,0.0,1.0,74.0,54.0,7.0,6.4,501.0,14719.8758
3,0.5,1.0,0.0,0.0,0.5,1.0,0.0,0.0,1.0,55.625,56.875,5.125,5.25,501.0,10392.9605
