cluster,F,Smoother,ColorGS,RelaxParameter,V,Jacobi,Line,ZebraLine,Cycle,Alpha,Beta,PreSmoothing,PostSmoothing,NumberIterations-, TimeToSolution- 
0,0.5310344827586206,1.0,0.1724137931034483,0.5448275862068965,0.4689655172413793,0.2896551724137931,0.23448275862068965,0.30344827586206896,1.0,57.89655172413793,62.10344827586207,4.344827586206897,4.36551724137931,12.027586206896551,211.03897241386207
1,0.5,1.0,0.0,0.0,0.5,1.0,0.0,0.0,1.0,67.5,77.5,5.0,8.0,501.0,13009.435000000001
2,0.6666666666666666,1.0,0.0,0.3333333333333333,0.3333333333333333,0.3333333333333333,0.0,0.6666666666666666,1.0,61.666666666666664,86.66666666666667,6.0,4.0,227.66666666666666,3883.108333333333
