cluster,F,Smoother,ColorGS,RelaxParameter,V,Jacobi,Line,ZebraLine,Cycle,Alpha,Beta,PreSmoothing,PostSmoothing,NumberIterations-, TimeToSolution- 
0,0.49407665505226483,1.0,0.23623693379790942,0.510801393728223,0.5059233449477352,0.24390243902439024,0.2613240418118467,0.25853658536585367,1.0,59.64808362369338,60.43205574912892,3.9700348432055748,4.11219512195122,11.145644599303136,186.01233588851568
1,0.52,1.0,0.0,0.04,0.48,1.0,0.0,0.0,1.0,58.6,53.6,3.76,3.96,490.52,7979.49876
2,0.6666666666666666,1.0,0.0,0.0,0.3333333333333333,1.0,0.0,0.0,1.0,53.75,67.08333333333333,6.583333333333333,6.333333333333333,501.0,13041.543749999999
3,0.32142857142857145,1.0,0.32142857142857145,0.21428571428571427,0.6785714285714286,0.5357142857142857,0.10714285714285714,0.03571428571428571,1.0,65.17857142857143,61.964285714285715,3.4285714285714284,2.5,321.89285714285717,3354.6846071428567
