cluster,F,Smoother,ColorGS,RelaxParameter,V,Jacobi,Line,ZebraLine,Cycle,Alpha,Beta,PreSmoothing,PostSmoothing,NumberIterations-, TimeToSolution- 
0,0.476056338028169,1.0,0.24929577464788732,0.5352112676056338,0.523943661971831,0.21971830985915494,0.2577464788732394,0.27323943661971833,1.0,59.36619718309859,59.86619718309859,4.259154929577464,4.070422535211268,11.588732394366197,184.09594084514086
1,0.4444444444444444,1.0,0.0,0.0,0.5555555555555556,1.0,0.0,0.0,1.0,70.0,62.77777777777778,4.777777777777778,6.333333333333333,501.0,10881.023888888889
2,0.4666666666666667,1.0,0.13333333333333333,0.4,0.5333333333333333,0.4,0.13333333333333333,0.3333333333333333,1.0,67.33333333333333,74.66666666666667,4.066666666666666,3.466666666666667,165.0,2429.8845333333334
3,0.3125,1.0,0.0,0.125,0.6875,1.0,0.0,0.0,1.0,62.1875,52.8125,3.3125,3.5,486.25,6641.136875
