cluster,F,Smoother,ColorGS,RelaxParameter,V,Jacobi,Line,ZebraLine,Cycle,Alpha,Beta,PreSmoothing,PostSmoothing,NumberIterations-, TimeToSolution- 
0,0.4805013927576602,1.0,0.2479108635097493,0.5167130919220055,0.5194986072423399,0.23119777158774374,0.26323119777158777,0.2576601671309192,1.0,59.91643454038997,59.240947075208915,3.9582172701949863,4.066852367688022,10.612813370473537,178.41976601672704
1,0.3333333333333333,1.0,0.0,0.0,0.6666666666666666,1.0,0.0,0.0,1.0,56.666666666666664,61.666666666666664,7.666666666666667,7.666666666666667,501.0,13865.786999999998
2,0.631578947368421,1.0,0.3157894736842105,0.3157894736842105,0.3684210526315789,0.631578947368421,0.05263157894736842,0.0,1.0,58.68421052631579,63.94736842105263,3.736842105263158,2.789473684210526,220.0,2336.400842105263
3,0.5,1.0,0.0,0.0,0.5,1.0,0.0,0.0,1.0,59.0,50.0,3.1,4.8,501.0,8387.230800000001
