cluster,F,Smoother,ColorGS,RelaxParameter,V,Jacobi,Line,ZebraLine,Cycle,Alpha,Beta,PreSmoothing,PostSmoothing,NumberIterations-, TimeToSolution- 
0,0.48945147679324896,1.0,0.2348804500703235,0.5049226441631505,0.510548523206751,0.22644163150492264,0.25035161744022505,0.2883263009845288,1.0,60.40787623066104,60.30239099859353,4.106891701828411,4.061884669479606,11.081575246132209,178.40940084385372
1,0.3,1.0,0.0,0.0,0.7,1.0,0.0,0.0,1.0,58.0,55.5,4.4,4.15,501.0,8336.5272
2,0.6666666666666666,1.0,0.3333333333333333,0.2,0.3333333333333333,0.6,0.06666666666666667,0.0,1.0,47.666666666666664,69.66666666666667,2.533333333333333,2.1333333333333333,368.46666666666664,3691.7779333333333
3,0.75,1.0,0.0,0.0,0.25,1.0,0.0,0.0,1.0,80.0,41.25,5.5,7.75,501.0,13806.29625
