cluster,F,Smoother,ColorGS,RelaxParameter,V,Jacobi,Line,ZebraLine,Cycle,Alpha,Beta,PreSmoothing,PostSmoothing,NumberIterations-, TimeToSolution- 
0,0.5,1.0,0.2463768115942029,0.4420289855072464,0.5,0.2318840579710145,0.26811594202898553,0.2536231884057971,1.0,58.51449275362319,60.36231884057971,4.202898550724638,4.333333333333333,8.956521739130435,161.2683550723913
1,0.0,1.0,0.0,0.0,1.0,1.0,0.0,0.0,1.0,67.0,38.0,5.8,3.2,501.0,8349.8436
2,0.8,1.0,0.4,0.4,0.2,0.4,0.2,0.0,1.0,71.0,37.0,2.0,3.6,198.0,2618.232
3,0.5,1.0,0.0,0.0,0.5,1.0,0.0,0.0,1.0,30.0,62.5,2.0,2.0,501.0,4916.467500000001
