cluster,F,Smoother,ColorGS,RelaxParameter,V,Jacobi,Line,ZebraLine,Cycle,Alpha,Beta,PreSmoothing,PostSmoothing,NumberIterations-, TimeToSolution- 
0,0.5104602510460251,1.0,0.25732217573221755,0.5216178521617852,0.4895397489539749,0.22594142259414227,0.25592747559274753,0.2608089260808926,1.0,60.82984658298466,59.83960948396095,4.128312412831241,4.006276150627615,12.157601115760112,185.14427266387028
1,0.2916666666666667,1.0,0.0,0.041666666666666664,0.7083333333333334,1.0,0.0,0.0,1.0,53.958333333333336,57.083333333333336,3.9583333333333335,4.375,500.0,8111.348875
2,0.5555555555555556,1.0,0.07407407407407407,0.2962962962962963,0.4444444444444444,0.7037037037037037,0.1111111111111111,0.1111111111111111,1.0,62.592592592592595,62.96296296296296,3.2222222222222223,3.814814814814815,341.81481481481484,4216.435777777778
3,0.5333333333333333,1.0,0.0,0.0,0.4666666666666667,1.0,0.0,0.0,1.0,53.333333333333336,57.666666666666664,6.333333333333333,6.6,501.0,12682.0868
