cluster,F,Smoother,ColorGS,RelaxParameter,V,Jacobi,Line,ZebraLine,Cycle,Alpha,Beta,PreSmoothing,PostSmoothing,NumberIterations-, TimeToSolution- 
0,0.43478260869565216,1.0,0.21739130434782608,0.21739130434782608,0.5652173913043478,0.7391304347826086,0.0,0.043478260869565216,1.0,60.0,69.1304347826087,2.3043478260869565,1.8695652173913044,389.9130434782609,3281.5567391304344
1,0.49056603773584906,1.0,0.26275331935709295,0.5157232704402516,0.5094339622641509,0.21104122990915444,0.2578616352201258,0.26834381551362685,1.0,58.675751222921036,60.272536687631025,3.9664570230607965,4.106219426974144,11.558350803633823,183.27181830891686
2,0.4482758620689655,1.0,0.0,0.2413793103448276,0.5517241379310345,1.0,0.0,0.0,1.0,57.58620689655172,59.310344827586206,4.620689655172414,3.0344827586206895,443.44827586206895,6767.154068965517
3,0.5294117647058824,1.0,0.0,0.0,0.47058823529411764,1.0,0.0,0.0,1.0,71.17647058823529,42.35294117647059,6.352941176470588,5.176470588235294,501.0,11463.89605882353
