cluster,No_mbtree,No_asm,No_cabac,No_scenecut,Aq_strength,Bframes,Qcomp,Qp,Ref,Rc_lookahead,B_bias,Threads,Keyint,Crf,Scenecut,Seek,Ipratio,PSNR-,Energy-
0,0.22790202342917998,0.2577209797657082,0.21725239616613418,0.22364217252396165,1.1057507987220447,12.244941427050053,0.6328008519701811,25.604898828541,4.443024494142705,121.85303514376997,1.1054313099041533,58.55165069222577,477.5335463258786,29.88349307774228,51.48668796592119,505.0202342917998,1.1220447284345048,44.30558572949947,1754.2936272621725
1,0.2,0.0,0.4,0.2,8.6,13.8,4.0,19.0,5.2,178.2,26.8,48.0,617.6,409400000000000.0,43.4,846.6,12.4,68.7162,948.88508062
2,0.5,0.5,0.3333333333333333,0.5,3.8333333333333335,11.166666666666666,2.8333333333333335,39.666666666666664,4.5,94.83333333333333,26.333333333333332,90.16666666666667,347.5,262000000000000.0,53.5,600.0,8.5,40.151833333333336,1441.7464144166668
