cluster,No_mbtree,No_asm,No_cabac,No_scenecut,Aq_strength,Bframes,Qcomp,Qp,Ref,Rc_lookahead,B_bias,Threads,Keyint,Crf,Scenecut,Seek,Ipratio,PSNR-,Energy-
0,0.22884513038850451,0.2362959020755721,0.24481106971793506,0.23789249600851517,1.0718999467802022,12.207557211282596,0.6093134646088345,25.771154869611497,4.415114422565194,119.48802554550292,0.25651942522618415,60.54656732304417,491.43693453964875,30.239116551357107,50.08994145822246,518.2240553485897,1.1007982969664716,44.25664928153273,1634.2407709778126
1,0.08333333333333333,0.16666666666666666,0.3333333333333333,0.08333333333333333,8.916666666666666,8.083333333333334,1.5833333333333333,29.333333333333332,5.166666666666667,140.41666666666666,-24.0,70.33333333333333,585.0,417083333333333.3,39.833333333333336,678.0,6.416666666666667,49.15266666666667,1286.0532801608333
2,0.5555555555555556,0.4444444444444444,0.2222222222222222,0.6666666666666666,3.2222222222222223,15.444444444444445,3.3333333333333335,22.22222222222222,5.222222222222222,103.0,-3.7777777777777777,54.666666666666664,596.7777777777778,256000000000000.0,48.44444444444444,618.6666666666666,4.111111111111111,51.467,2611.626019133333
