cluster,No_mbtree,No_asm,No_cabac,No_scenecut,Aq_strength,Bframes,Qcomp,Qp,Ref,Rc_lookahead,B_bias,Threads,Keyint,Crf,Scenecut,Seek,Ipratio,PSNR-,Energy-
0,0.24572649572649571,0.22542735042735043,0.2152777777777778,0.23504273504273504,1.0750534188034189,12.291132478632479,0.5988782051282052,25.310897435897434,4.471153846153846,120.09722222222223,0.1063034188034188,58.824252136752136,492.1431623931624,30.092307692307696,49.77938034188034,517.9786324786324,1.086912393162393,44.267466346153846,1614.8299449845513
1,0.36363636363636365,0.45454545454545453,0.36363636363636365,0.36363636363636365,9.363636363636363,15.636363636363637,2.272727272727273,22.636363636363637,5.7272727272727275,114.36363636363636,3.6363636363636362,59.27272727272727,470.90909090909093,345090909090909.06,46.72727272727273,596.2727272727273,3.909090909090909,52.336818181818174,2013.3274079327275
2,0.46153846153846156,0.3076923076923077,0.23076923076923078,0.5384615384615384,6.538461538461538,11.153846153846153,4.769230769230769,27.76923076923077,5.3076923076923075,132.46153846153845,-26.307692307692307,40.84615384615385,641.7692307692307,238846153846153.84,45.53846153846154,653.6153846153846,4.230769230769231,46.683,1419.1223668461537
3,0.25,0.25,0.0,0.25,6.5,16.75,2.25,17.25,5.75,200.75,43.25,36.75,485.5,455500000000000.0,55.25,663.75,9.0,51.93325,2791.933733325
