cluster,No_mbtree,No_asm,No_cabac,No_scenecut,Aq_strength,Bframes,Qcomp,Qp,Ref,Rc_lookahead,B_bias,Threads,Keyint,Crf,Scenecut,Seek,Ipratio,PSNR-,Energy-
0,0.21794871794871795,0.23931623931623933,0.21901709401709402,0.24786324786324787,1.0428418803418802,12.11965811965812,0.6138888888888889,24.985042735042736,4.47542735042735,120.7094017094017,2.2094017094017095,59.27029914529915,486.45299145299145,29.747542735042735,49.98397435897436,516.5224358974359,1.082051282051282,44.47417948717949,1622.8154801877458
1,0.25,0.25,0.125,0.25,7.625,11.375,4.375,25.875,4.0,154.0,7.125,75.25,334.75,274250000000000.0,54.5,668.625,6.125,49.29775,1299.0106489
2,0.0,0.5,0.3333333333333333,0.3333333333333333,5.333333333333333,11.666666666666666,3.8333333333333335,21.333333333333332,4.666666666666667,145.16666666666666,-8.166666666666666,54.5,580.5,412500000000000.0,30.166666666666668,704.6666666666666,8.666666666666666,53.579,1335.0707064666667
