cluster,No_mbtree,No_asm,No_cabac,No_scenecut,Aq_strength,Bframes,Qcomp,Qp,Ref,Rc_lookahead,B_bias,Threads,Keyint,Crf,Scenecut,Seek,Ipratio,PSNR-,Energy-
0,0.24572649572649571,0.23504273504273504,0.22863247863247863,0.22382478632478633,1.0849358974358974,12.29594017094017,0.604594017094017,24.990918803418804,4.4706196581196584,117.42521367521367,0.7045940170940171,58.56997863247863,481.9252136752137,29.62232905982906,49.08066239316239,505.4022435897436,1.1224893162393161,44.61842632656517,1709.446195884247
1,0.2857142857142857,0.14285714285714285,0.42857142857142855,0.2857142857142857,9.428571428571429,18.285714285714285,3.7142857142857144,27.857142857142858,6.142857142857143,79.57142857142857,11.285714285714286,29.714285714285715,621.5714285714286,325571428571428.56,43.142857142857146,701.7142857142857,5.428571428571429,45.84085714285714,1982.2390103142857
2,0.38461538461538464,0.46153846153846156,0.5384615384615384,0.5384615384615384,2.4615384615384617,10.307692307692308,4.0,23.53846153846154,5.076923076923077,99.3076923076923,32.69230769230769,63.46153846153846,457.0769230769231,235461538461538.47,51.23076923076923,619.0,7.923076923076923,52.64446153846154,2158.7579354846157
3,0.25,0.0,0.125,0.125,7.25,12.25,3.25,23.625,4.0,149.75,6.5,72.375,523.5,438250000000000.0,54.25,580.75,13.625,50.81275,1071.7857377875
