cluster,No_mbtree,No_asm,No_cabac,No_scenecut,Aq_strength,Bframes,Qcomp,Qp,Ref,Rc_lookahead,B_bias,Threads,Keyint,Crf,Scenecut,Seek,Ipratio,PSNR-,Energy-
0,0.22459893048128343,0.24598930481283424,0.25668449197860965,0.25133689839572193,0.9775401069518715,11.86096256684492,0.6090909090909091,25.379679144385026,4.475935828877005,116.35828877005348,5.336898395721925,56.82887700534759,498.7486631016043,28.817647058823532,48.780748663101605,486.7967914438503,1.0978609625668447,44.727909090909094,2023.06183483369
1,0.0,0.0,0.0,0.0,9.0,20.5,0.5,42.0,2.0,72.0,-5.0,76.5,674.5,388000000000000.0,59.5,287.5,11.0,37.169,970.9858334
2,0.0,0.0,0.0,0.0,7.0,8.0,1.0,22.0,9.0,249.0,61.0,13.0,464.0,217000000000000.0,96.0,713.0,7.0,51.196,1257.980769
