cluster,No_mbtree,No_asm,No_cabac,No_scenecut,Aq_strength,Bframes,Qcomp,Qp,Ref,Rc_lookahead,B_bias,Threads,Keyint,Crf,Scenecut,Seek,Ipratio,PSNR-,Energy-
0,0.2305229455709712,0.23585912486659552,0.24332977588046958,0.2209178228388474,1.0641408751334045,12.534685165421559,0.5955176093916755,25.266808964781216,4.452508004268943,119.04589114194236,0.8100320170757738,59.17929562433298,494.0394877267876,29.743756670224123,50.4034151547492,513.5485592315902,1.145144076840982,44.29156670224119,1700.5917010974492
1,0.0,0.0,0.0,0.0,11.333333333333334,15.0,2.1666666666666665,39.0,4.833333333333333,115.33333333333333,-2.5,44.833333333333336,540.8333333333334,380833333333333.3,56.166666666666664,698.3333333333334,9.666666666666666,40.5045,612.1389924050001
2,0.5714285714285714,0.42857142857142855,0.2857142857142857,0.5714285714285714,2.5714285714285716,11.571428571428571,3.0,21.0,7.428571428571429,164.0,15.0,52.57142857142857,436.85714285714283,228571428571428.56,45.285714285714285,596.5714285714286,7.428571428571429,56.74328571428571,2248.7219599857144
