cluster,No_mbtree,No_asm,No_cabac,No_scenecut,Aq_strength,Bframes,Qcomp,Qp,Ref,Rc_lookahead,B_bias,Threads,Keyint,Crf,Scenecut,Seek,Ipratio,PSNR-,Energy-
0,0.2505353319057816,0.22483940042826553,0.24089935760171305,0.23875802997858672,1.0735546038543897,12.26017130620985,0.6014989293361885,25.20556745182013,4.334047109207709,119.81049250535332,0.6434689507494646,59.83940042826553,480.669164882227,29.67912205567452,49.62955032119914,520.1263383297645,1.0579229122055673,44.550602069946464,1671.7883427825482
1,0.2,0.2,0.0,0.2,9.0,16.6,3.2,33.2,3.4,125.2,-21.8,59.2,479.0,372200000000000.0,34.6,581.0,6.8,45.7868,937.3840227460001
2,0.0,0.1111111111111111,0.0,0.0,8.222222222222221,15.555555555555555,5.111111111111111,22.333333333333332,4.555555555555555,102.0,15.555555555555555,72.33333333333333,610.8888888888889,285666666666666.7,50.888888888888886,808.1111111111111,4.555555555555555,59.239444444444445,1145.8003588055556
3,0.0,0.5,0.5,0.0,2.5,12.0,2.0,28.0,0.0,107.0,75.0,89.5,699.5,460500000000000.0,37.0,332.0,15.5,45.229,2539.302363
