cluster,No_mbtree,No_asm,No_cabac,No_scenecut,Aq_strength,Bframes,Qcomp,Qp,Ref,Rc_lookahead,B_bias,Threads,Keyint,Crf,Scenecut,Seek,Ipratio,PSNR-,Energy-
0,0.19148936170212766,0.18085106382978725,0.26595744680851063,0.2765957446808511,1.0393617021276595,11.25531914893617,0.6191489361702128,26.5531914893617,4.24468085106383,118.7872340425532,1.9574468085106382,56.87234042553192,458.5425531914894,34.67978723404256,52.3936170212766,509.4468085106383,1.0255319148936168,40.30862765957447,1476.18287475
1,1.0,0.0,1.0,1.0,3.0,17.0,1.0,16.0,8.0,211.0,65.0,0.0,333.0,435000000000000.0,65.0,627.0,0.0,47.612,1827.550926
2,0.30526315789473685,0.2631578947368421,0.25263157894736843,0.17894736842105263,1.306315789473684,13.242105263157894,0.656842105263158,24.210526315789473,4.831578947368421,126.21052631578948,0.42105263157894735,68.27368421052631,512.0526315789474,24.948421052631577,52.07368421052632,566.3368421052631,1.1,48.070684210526316,1937.4308615305263
