cluster,No_mbtree,No_asm,No_cabac,No_scenecut,Aq_strength,Bframes,Qcomp,Qp,Ref,Rc_lookahead,B_bias,Threads,Keyint,Crf,Scenecut,Seek,Ipratio,PSNR-,Energy-
0,0.2553418803418803,0.22756410256410256,0.2168803418803419,0.22008547008547008,1.1012820512820511,12.29594017094017,0.5882478632478633,25.69017094017094,4.494658119658119,118.96153846153847,-1.0032051282051282,58.197649572649574,480.89529914529913,30.051175213675215,50.23076923076923,523.232905982906,1.079594017094017,44.485993589743586,1638.0037224937928
1,0.375,0.5,0.25,0.5,3.75,14.125,3.0,37.375,3.875,153.75,14.125,64.125,484.0,262375000000000.0,45.25,424.0,5.125,39.964,2210.1050620625
2,0.16666666666666666,0.3333333333333333,0.16666666666666666,0.5,7.666666666666667,13.666666666666666,2.8333333333333335,21.333333333333332,5.333333333333333,125.83333333333333,7.666666666666667,35.833333333333336,499.6666666666667,391166666666666.7,39.833333333333336,619.1666666666666,5.0,53.67733333333333,2159.1112094666664
