cluster,No_mbtree,No_asm,No_cabac,No_scenecut,Aq_strength,Bframes,Qcomp,Qp,Ref,Rc_lookahead,B_bias,Threads,Keyint,Crf,Scenecut,Seek,Ipratio,PSNR-,Energy-
0,0.23447537473233404,0.23126338329764454,0.22483940042826553,0.2430406852248394,1.1039614561027837,12.286937901498929,0.5928265524625268,25.241970021413277,4.423982869379015,116.33297644539614,1.0781584582441113,58.79336188436831,481.3640256959315,30.1617773019272,48.85117773019272,513.9839400428266,1.1284796573875804,44.43500865452891,1646.1218244931583
1,0.5555555555555556,0.3333333333333333,0.6666666666666666,0.5555555555555556,3.111111111111111,16.444444444444443,3.7777777777777777,20.11111111111111,6.444444444444445,98.88888888888889,-8.88888888888889,60.77777777777778,464.3333333333333,251444444444444.44,30.77777777777778,632.0,8.666666666666666,56.99455555555556,2166.73604
2,0.2857142857142857,0.14285714285714285,0.14285714285714285,0.2857142857142857,8.428571428571429,11.857142857142858,4.0,16.285714285714285,4.571428571428571,137.85714285714286,12.0,54.285714285714285,419.2857142857143,414857142857142.9,64.71428571428571,602.1428571428571,10.0,54.58757142857143,2218.4009426142857
