cluster,No_mbtree,No_asm,No_cabac,No_scenecut,Aq_strength,Bframes,Qcomp,Qp,Ref,Rc_lookahead,B_bias,Threads,Keyint,Crf,Scenecut,Seek,Ipratio,PSNR-,Energy-
0,0.23667377398720682,0.2484008528784648,0.21961620469083157,0.22174840085287847,1.0712153518123666,12.105543710021323,0.6097014925373134,25.118336886993603,4.41684434968017,120.93923240938166,1.404051172707889,60.004264392324096,484.71215351812367,30.03997867803838,50.998933901918974,509.37846481876335,1.0890191897654584,44.299907249466955,1713.3031784894456
1,0.3333333333333333,0.6666666666666666,0.6666666666666666,0.0,11.0,20.0,3.6666666666666665,17.0,6.0,111.66666666666667,24.0,42.0,623.3333333333334,353000000000000.0,71.0,601.6666666666666,5.0,54.01466666666666,3812.5455621
2,0.3333333333333333,0.3333333333333333,0.0,0.5,2.3333333333333335,9.666666666666666,2.8333333333333335,24.666666666666668,5.333333333333333,156.5,-11.5,31.333333333333332,535.6666666666666,435666666666666.7,55.833333333333336,747.3333333333334,9.833333333333334,51.41316666666666,1735.9669251166667
3,0.0,0.6666666666666666,0.3333333333333333,0.3333333333333333,3.0,17.333333333333332,5.333333333333333,51.0,6.333333333333333,163.66666666666666,32.0,93.33333333333333,502.3333333333333,278000000000000.0,42.0,317.0,6.0,31.073333333333334,2031.0312800000002
