cluster,No_mbtree,No_asm,No_cabac,No_scenecut,Aq_strength,Bframes,Qcomp,Qp,Ref,Rc_lookahead,B_bias,Threads,Keyint,Crf,Scenecut,Seek,Ipratio,PSNR-,Energy-
0,0.23783783783783785,0.21081081081081082,0.23783783783783785,0.23243243243243245,1.0205405405405406,12.610810810810811,0.6005405405405406,26.10810810810811,4.486486486486487,122.5945945945946,-1.9675675675675677,64.3945945945946,483.9135135135135,30.163243243243244,50.8,536.5189189189189,1.061081081081081,44.22357837837838,1594.4164488475676
1,0.0,0.0,0.3333333333333333,0.0,6.666666666666667,5.333333333333333,1.3333333333333333,35.0,5.333333333333333,160.33333333333334,-12.666666666666666,63.333333333333336,518.6666666666666,411333333333333.3,41.333333333333336,722.6666666666666,9.666666666666666,49.701,991.2682714433334
2,0.5,0.0,0.0,0.5,6.0,23.5,2.0,14.5,3.5,69.0,-65.0,75.5,434.5,267000000000000.0,41.0,741.0,1.5,55.724500000000006,1061.64464295
