cluster,No_mbtree,No_asm,No_cabac,No_scenecut,Aq_strength,Bframes,Qcomp,Qp,Ref,Rc_lookahead,B_bias,Threads,Keyint,Crf,Scenecut,Seek,Ipratio,PSNR-,Energy-
0,0.45454545454545453,0.5,0.4090909090909091,0.2727272727272727,1.0727272727272728,7.681818181818182,0.5727272727272728,23.681818181818183,3.727272727272727,100.9090909090909,1.1818181818181819,41.40909090909091,228.63636363636363,26.431818181818183,47.90909090909091,0.0,1.1409090909090909,43.29631818181818,3122.7209114909087
1,0.21052631578947367,0.05263157894736842,0.42105263157894735,0.10526315789473684,0.9868421052631579,12.842105263157896,0.5973684210526317,23.342105263157894,4.394736842105263,128.39473684210526,-9.421052631578947,54.921052631578945,667.1842105263158,30.11315789473684,50.5,831.2368421052631,1.0473684210526315,46.632236842105264,637.5174941289474
2,0.20930232558139536,0.16279069767441862,0.20930232558139536,0.23255813953488372,0.9604651162790697,12.534883720930232,0.5744186046511629,24.86046511627907,4.604651162790698,121.86046511627907,5.27906976744186,60.48837209302326,663.9767441860465,29.11627906976744,50.51162790697674,411.0232558139535,1.3186046511627907,42.599790697674415,1937.7538500302326
3,0.2564102564102564,0.23076923076923078,0.15384615384615385,0.1794871794871795,1.087179487179487,12.923076923076923,0.617948717948718,26.307692307692307,4.102564102564102,126.74358974358974,3.0256410256410255,58.0,325.97435897435895,32.15641025641026,51.717948717948715,855.1025641025641,1.0769230769230769,46.67487179487179,693.2425486325641
4,0.2926829268292683,0.1951219512195122,0.24390243902439024,0.24390243902439024,1.0414634146341462,11.634146341463415,0.6097560975609756,25.878048780487806,4.853658536585366,125.51219512195122,8.634146341463415,66.02439024390245,333.9756097560976,29.787804878048778,49.63414634146341,412.9024390243902,1.0268292682926827,42.63029268292683,2098.7686397560974
5,0.7142857142857143,0.42857142857142855,0.42857142857142855,0.5714285714285714,0.6,8.857142857142858,0.4428571428571429,26.142857142857142,6.285714285714286,158.85714285714286,-6.571428571428571,34.57142857142857,890.2857142857143,27.228571428571428,51.42857142857143,0.0,1.3,44.99342857142857,3436.858916185714
