cluster,No_mbtree,No_asm,No_cabac,No_scenecut,Aq_strength,Bframes,Qcomp,Qp,Ref,Rc_lookahead,B_bias,Threads,Keyint,Crf,Scenecut,Seek,Ipratio,PSNR-,Energy-
0,0.23667377398720682,0.2462686567164179,0.24946695095948826,0.21855010660980811,1.0711087420042644,12.337953091684435,0.6289978678038379,25.566098081023455,4.414712153518123,120.03944562899787,0.5106609808102346,58.91257995735608,484.7409381663113,29.614925373134326,49.827292110874204,516.4765458422174,1.1284648187633262,44.775021321961624,1710.2952596249575
1,0.3333333333333333,0.0,0.3333333333333333,0.3333333333333333,11.0,13.833333333333334,3.5,31.5,4.666666666666667,121.83333333333333,-26.833333333333332,58.0,677.5,335666666666666.7,50.666666666666664,549.0,4.833333333333333,44.48316666666667,1206.4339744333333
2,0.0,0.25,0.0,0.25,5.5,15.75,3.25,32.75,4.0,138.5,-21.5,83.5,496.25,438000000000000.0,44.5,521.75,9.75,45.24325,1395.395597
3,0.5,1.0,1.0,0.5,2.0,19.0,1.0,24.0,7.5,106.0,15.5,42.0,416.0,234000000000000.0,33.0,940.5,7.5,55.979,900.38835985
