cluster,No_mbtree,No_asm,No_cabac,No_scenecut,Aq_strength,Bframes,Qcomp,Qp,Ref,Rc_lookahead,B_bias,Threads,Keyint,Crf,Scenecut,Seek,Ipratio,PSNR-,Energy-
0,0.21808510638297873,0.2553191489361702,0.22872340425531915,0.2127659574468085,1.1228723404255319,12.26063829787234,0.5909574468085107,25.95212765957447,4.50531914893617,115.50531914893617,-4.51063829787234,59.38297872340426,462.8563829787234,30.617553191489364,49.86702127659574,517.0159574468086,1.1202127659574468,43.8124255319149,1742.8319424893618
1,0.0,1.0,1.0,1.0,3.0,17.0,1.0,16.0,8.0,211.0,65.0,0.0,333.0,435000000000000.0,65.0,627.0,0.0,47.595,5791.384384
2,1.0,1.0,0.0,1.0,2.0,1.0,4.0,16.0,2.0,43.0,100.0,63.0,499.0,234000000000000.0,81.0,627.0,6.0,53.859,3655.882857
