cluster,No_mbtree,No_asm,No_cabac,No_scenecut,Aq_strength,Bframes,Qcomp,Qp,Ref,Rc_lookahead,B_bias,Threads,Keyint,Crf,Scenecut,Seek,Ipratio,PSNR-,Energy-
0,0.21505376344086022,0.25806451612903225,0.23118279569892472,0.23118279569892472,1.0204301075268816,11.865591397849462,0.5591397849462365,25.919354838709676,4.413978494623656,113.15053763440861,0.08602150537634409,55.446236559139784,494.01075268817203,29.599462365591396,47.91935483870968,524.1075268817204,1.1650537634408602,44.80438709677419,1598.726218141559
1,0.6666666666666666,0.6666666666666666,0.3333333333333333,0.6666666666666666,1.6666666666666667,21.333333333333332,2.3333333333333335,14.333333333333334,7.666666666666667,132.33333333333334,43.333333333333336,61.333333333333336,51.333333333333336,234000000000000.0,39.0,1059.6666666666667,12.666666666666666,73.33133333333333,278.3875
2,0.0,0.0,0.0,0.0,12.0,14.0,4.0,11.0,0.0,128.0,1.0,109.0,73.0,433000000000000.0,72.0,665.0,15.0,56.65,1003.263333
