cluster,No_mbtree,No_asm,No_cabac,No_scenecut,Aq_strength,Bframes,Qcomp,Qp,Ref,Rc_lookahead,B_bias,Threads,Keyint,Crf,Scenecut,Seek,Ipratio,PSNR-,Energy-
0,0.22822020309994656,0.2260823089257082,0.24371993586317478,0.23196151790486372,1.0760021378941742,12.411010154997328,0.5945483698556921,25.280064136825228,4.448423303046499,120.39444147514698,1.4703367183324425,59.607696419027256,484.35756280064135,29.808017103153396,50.446819882415824,513.6670229823624,1.1370924639230358,44.293243719935866,1656.3289906319883
1,0.2222222222222222,0.1111111111111111,0.1111111111111111,0.1111111111111111,13.222222222222221,13.444444444444445,4.0,25.555555555555557,5.0,109.88888888888889,-4.888888888888889,46.888888888888886,481.8888888888889,315111111111111.1,38.44444444444444,777.2222222222222,6.333333333333333,50.00344444444445,1195.7877420688887
2,0.5454545454545454,0.2727272727272727,0.18181818181818182,0.45454545454545453,2.727272727272727,9.909090909090908,3.0,21.272727272727273,7.181818181818182,148.1818181818182,28.636363636363637,59.90909090909091,487.1818181818182,227909090909090.9,51.0,608.7272727272727,7.909090909090909,56.40354545454545,1804.5632379272727
3,0.1111111111111111,0.1111111111111111,0.1111111111111111,0.1111111111111111,8.666666666666666,11.666666666666666,2.6666666666666665,39.55555555555556,3.5555555555555554,159.22222222222223,-41.44444444444444,63.22222222222222,567.3333333333334,399000000000000.0,59.77777777777778,607.6666666666666,11.222222222222221,40.65422222222222,933.4773149144445
