cluster,No_mbtree,No_asm,No_cabac,No_scenecut,Aq_strength,Bframes,Qcomp,Qp,Ref,Rc_lookahead,B_bias,Threads,Keyint,Crf,Scenecut,Seek,Ipratio,PSNR-,Energy-
0,0.2918918918918919,0.2,0.20540540540540542,0.2756756756756757,1.0724324324324324,12.421621621621622,0.5697297297297298,25.778378378378378,4.205405405405405,118.63783783783784,0.9891891891891892,62.513513513513516,511.5243243243243,29.374594594594594,50.075675675675676,531.8216216216216,1.06,44.656016216216216,1514.0495556794594
1,1.0,0.6666666666666666,0.6666666666666666,0.3333333333333333,6.0,15.666666666666666,2.0,35.666666666666664,4.0,98.0,10.0,91.66666666666667,443.6666666666667,301000000000000.0,38.333333333333336,627.0,5.666666666666667,46.629333333333335,1374.9210244333333
2,1.0,0.0,0.0,0.0,2.0,5.0,8.0,24.0,8.0,250.0,-100.0,42.0,1000.0,234000000000000.0,33.0,209.0,2.0,47.382,2798.748971
3,0.0,0.0,1.0,1.0,15.0,21.0,0.0,16.0,6.0,250.0,-1.0,21.0,1.0,368000000000000.0,33.0,627.0,9.0,69.424,1254.464
