cluster,No_mbtree,No_asm,No_cabac,No_scenecut,Aq_strength,Bframes,Qcomp,Qp,Ref,Rc_lookahead,B_bias,Threads,Keyint,Crf,Scenecut,Seek,Ipratio,PSNR-,Energy-
0,0.22340425531914893,0.19680851063829788,0.25,0.2393617021276596,1.0079787234042554,12.707446808510639,0.6170212765957447,24.76063829787234,4.537234042553192,121.02659574468085,0.9202127659574468,61.12765957446808,494.76063829787233,29.397872340425533,50.888297872340424,521.313829787234,1.0845744680851062,44.432074468085105,1555.8876141382977
1,1.0,1.0,0.0,0.0,15.0,21.0,0.0,16.0,6.0,250.0,-1.0,21.0,1.0,368000000000000.0,33.0,627.0,9.0,69.857,1947.790351
2,0.0,0.0,0.0,0.0,3.0,7.0,11.0,21.0,6.0,21.0,-67.0,86.0,137.0,281000000000000.0,22.0,705.0,1.0,51.399,1219.638889
