cluster,No_mbtree,No_asm,No_cabac,No_scenecut,Aq_strength,Bframes,Qcomp,Qp,Ref,Rc_lookahead,B_bias,Threads,Keyint,Crf,Scenecut,Seek,Ipratio,PSNR-,Energy-
0,0.2727272727272727,0.26136363636363635,0.17045454545454544,0.26136363636363635,1.0465909090909091,12.545454545454545,0.6136363636363636,26.34090909090909,4.340909090909091,120.80681818181819,6.4772727272727275,59.53409090909091,527.3295454545455,37.03977272727273,51.625,523.3295454545455,1.0227272727272727,39.62897727272727,1446.50360115
1,1.0,1.0,0.0,1.0,3.0,1.0,1.0,40.0,10.0,250.0,-67.0,84.0,665.0,435000000000000.0,33.0,836.0,15.0,40.495,1643.613542
2,0.3838383838383838,0.23232323232323232,0.18181818181818182,0.20202020202020202,0.9969696969696968,11.848484848484848,0.6494949494949495,25.01010101010101,4.242424242424242,122.18181818181819,8.232323232323232,65.6969696969697,495.4848484848485,24.679797979797982,51.62626262626262,468.8989898989899,1.0686868686868687,47.6070808080808,2050.640153209091
3,0.0,0.0,0.5,0.0,4.85,11.5,2.55,45.5,6.0,177.0,-37.0,63.0,554.5,100.0,23.0,973.5,4.7,41.441,274.58553240000003
