cluster,No_mbtree,No_asm,No_cabac,No_scenecut,Aq_strength,Bframes,Qcomp,Qp,Ref,Rc_lookahead,B_bias,Threads,Keyint,Crf,Scenecut,Seek,Ipratio,PSNR-,Energy-
0,0.21831735889243875,0.2470713525026624,0.21405750798722045,0.25133120340788073,1.101171458998935,12.324813631522897,0.6128860489882854,25.343982960596378,4.4451544195953145,119.47390841320554,1.2992545260915869,56.66986155484558,489.0181043663472,29.649520766773165,50.1395101171459,510.40362087326946,1.0881789137380191,44.405499112534606,1831.879479577604
1,0.2857142857142857,0.5714285714285714,0.42857142857142855,0.0,5.0,11.857142857142858,3.7142857142857144,26.428571428571427,4.0,115.85714285714286,-11.285714285714286,39.142857142857146,556.4285714285714,444000000000000.0,45.285714285714285,782.7142857142857,10.285714285714286,54.361285714285714,742.0678814142857
2,0.0,0.0,0.5,1.0,2.0,5.0,8.0,24.0,8.0,250.0,-100.0,42.0,1000.0,234000000000000.0,33.0,209.0,2.0,47.3815,2765.305996
3,0.0,0.0,0.0,0.0,17.5,10.5,2.5,27.0,4.5,144.5,44.0,63.0,302.0,366000000000000.0,67.0,1045.0,13.0,56.7765,393.70777780000003
