cluster,No_mbtree,No_asm,No_cabac,No_scenecut,Aq_strength,Bframes,Qcomp,Qp,Ref,Rc_lookahead,B_bias,Threads,Keyint,Crf,Scenecut,Seek,Ipratio,PSNR-,Energy-
0,0.2193169690501601,0.24226254002134473,0.23852721451440767,0.23692636072572038,1.0996264674493061,12.433297758804695,0.6274279615795091,25.61686232657417,4.435432230522945,119.08004268943436,0.6937033084311632,60.648879402347916,480.2230522945571,29.884898612593386,50.40821771611526,521.3735325506937,1.120437566702241,44.48154535752401,1666.4099201441088
1,0.3,0.2,0.1,0.2,9.7,13.1,2.6,24.9,6.4,105.0,3.9,57.9,439.5,332100000000000.0,52.7,881.8,9.3,61.4327,550.4474859
2,0.0,0.16666666666666666,0.0,0.3333333333333333,3.8333333333333335,13.5,4.333333333333333,11.5,7.166666666666667,123.83333333333333,18.0,22.5,466.3333333333333,432000000000000.0,35.333333333333336,549.8333333333334,8.5,54.291,3079.557294683333
3,0.3,0.1,0.3,0.2,6.0,9.5,2.7,22.9,5.7,134.7,-36.9,29.2,559.7,243700000000000.0,43.0,519.8,3.0,48.6734,2262.43284529
