cluster,No_mbtree,No_asm,No_cabac,No_scenecut,Aq_strength,Bframes,Qcomp,Qp,Ref,Rc_lookahead,B_bias,Threads,Keyint,Crf,Scenecut,Seek,Ipratio,PSNR-,Energy-
0,0.22620320855614973,0.2197860962566845,0.24705882352941178,0.23475935828877006,1.0702673796791442,12.397860962566845,0.5993048128342247,25.575935828877004,4.427272727272728,118.95133689839572,0.4032085561497326,59.15882352941176,488.6251336898396,29.548181818181817,49.833689839572195,526.0283422459893,1.0808021390374332,44.55635817833155,1620.9065214861123
1,0.375,0.375,0.5,0.125,14.625,10.625,2.125,33.375,4.125,129.375,-19.75,70.625,522.875,359875000000000.0,43.5,527.0,10.0,46.152625,1366.9816302
2,0.26666666666666666,0.26666666666666666,0.26666666666666666,0.3333333333333333,3.533333333333333,13.8,4.533333333333333,28.133333333333333,7.333333333333333,110.06666666666666,-18.466666666666665,63.0,377.1333333333333,263933333333333.34,38.733333333333334,546.6666666666666,8.733333333333333,50.30226666666667,2359.6661609333332
3,0.0,0.14285714285714285,0.2857142857142857,0.14285714285714285,8.285714285714286,14.0,4.142857142857143,25.428571428571427,3.7142857142857144,85.71428571428571,20.285714285714285,50.285714285714285,525.8571428571429,439428571428571.44,40.42857142857143,683.5714285714286,11.285714285714286,51.817,1030.7602655
