cluster,No_mbtree,No_asm,No_cabac,No_scenecut,Aq_strength,Bframes,Qcomp,Qp,Ref,Rc_lookahead,B_bias,Threads,Keyint,Crf,Scenecut,Seek,Ipratio,PSNR-,Energy-
0,0.251063829787234,0.2127659574468085,0.2404255319148936,0.2351063829787234,1.0579787234042553,12.315957446808511,0.602872340425532,25.129787234042553,4.3691489361702125,116.40212765957448,-0.9702127659574468,59.60851063829787,483.70851063829787,29.62404255319149,50.202127659574465,507.79893617021276,1.1307446808510637,44.527668085106384,1673.4549445381597
1,0.16666666666666666,0.16666666666666666,0.3333333333333333,0.0,11.0,8.333333333333334,5.333333333333333,30.333333333333332,4.833333333333333,150.83333333333334,10.166666666666666,85.0,403.6666666666667,316166666666666.7,40.0,622.1666666666666,6.833333333333333,47.43516666666667,1350.9322704833332
2,0.0,0.0,0.0,0.0,19.0,14.0,3.0,29.0,3.0,246.0,50.0,17.0,382.0,458000000000000.0,21.0,538.0,11.0,45.297,1010.958333
3,0.3333333333333333,0.3333333333333333,0.3333333333333333,0.3333333333333333,7.0,10.333333333333334,4.333333333333333,40.333333333333336,8.0,59.333333333333336,31.666666666666668,114.0,692.0,228000000000000.0,38.333333333333336,830.3333333333334,9.666666666666666,47.674,1129.1364532
