cluster,No_mbtree,No_asm,No_cabac,No_scenecut,Aq_strength,Bframes,Qcomp,Qp,Ref,Rc_lookahead,B_bias,Threads,Keyint,Crf,Scenecut,Seek,Ipratio,PSNR-,Energy-
0,0.2553191489361702,0.24468085106382978,0.22340425531914893,0.22340425531914893,1.047872340425532,12.26595744680851,0.6117021276595744,25.96276595744681,4.329787234042553,112.79787234042553,1.9308510638297873,56.680851063829785,483.57978723404256,29.226063829787233,50.680851063829785,528.9574468085107,1.002127659574468,44.527569148936166,1694.807040473936
1,0.0,0.0,0.0,0.0,17.0,6.0,4.0,10.0,9.0,204.0,72.0,17.0,156.0,350000000000000.0,92.0,898.0,11.0,59.711,735.7155556
2,1.0,1.0,1.0,0.0,6.0,21.0,1.0,8.0,10.0,85.0,-100.0,63.0,333.0,301000000000000.0,49.0,1045.0,6.0,71.93,519.1818182
