cluster,No_mbtree,No_asm,No_cabac,No_scenecut,Aq_strength,Bframes,Qcomp,Qp,Ref,Rc_lookahead,B_bias,Threads,Keyint,Crf,Scenecut,Seek,Ipratio,PSNR-,Energy-
0,0.23622881355932204,0.24470338983050846,0.23622881355932204,0.211864406779661,1.0600635593220338,12.23093220338983,0.620021186440678,25.347457627118644,4.466101694915254,118.01800847457628,0.3675847457627119,60.246822033898304,474.6228813559322,29.604237288135593,50.34427966101695,502.89830508474574,1.0781779661016948,44.25125035310381,1735.8992433603814
1,0.2,0.0,0.2,0.2,5.8,16.0,4.8,26.0,3.6,140.0,9.2,49.6,441.8,428800000000000.0,58.8,745.4,6.4,51.2222,910.47395072
2,1.0,0.0,1.0,0.0,2.0,13.0,2.0,40.0,6.0,85.0,-34.0,0.0,831.0,234000000000000.0,49.0,836.0,0.0,30.79,417.037037
