cluster,No_mbtree,No_asm,No_cabac,No_scenecut,Aq_strength,Bframes,Qcomp,Qp,Ref,Rc_lookahead,B_bias,Threads,Keyint,Crf,Scenecut,Seek,Ipratio,PSNR-,Energy-
0,0.2462686567164179,0.232409381663113,0.23880597014925373,0.2281449893390192,1.045682302771855,12.178038379530918,0.6059701492537313,25.492004264392325,4.50319829424307,119.39125799573561,0.27398720682302774,59.89019189765458,486.2547974413646,29.63011727078891,50.007462686567166,513.8240938166311,1.1071428571428572,44.5261026119403,1679.8900375365565
1,0.2,0.3,0.3,0.2,11.5,16.4,2.0,34.0,4.4,170.4,6.1,69.6,471.9,388800000000000.0,49.7,555.3,9.5,44.4205,1995.5464542599998
2,0.2857142857142857,0.14285714285714285,0.2857142857142857,0.0,5.714285714285714,13.428571428571429,4.714285714285714,38.714285714285715,5.714285714285714,122.57142857142857,12.0,80.14285714285714,328.0,306000000000000.0,54.0,570.0,11.0,42.13014285714286,1083.5963739714284
3,0.14285714285714285,0.14285714285714285,0.0,0.14285714285714285,6.428571428571429,13.714285714285714,3.7142857142857144,24.571428571428573,7.142857142857143,114.85714285714286,42.42857142857143,91.42857142857143,286.57142857142856,237857142857142.84,38.42857142857143,835.1428571428571,14.142857142857142,58.595000000000006,684.2012739571429
