cluster,No_mbtree,No_asm,No_cabac,No_scenecut,Aq_strength,Bframes,Qcomp,Qp,Ref,Rc_lookahead,B_bias,Threads,Keyint,Crf,Scenecut,Seek,Ipratio,PSNR-,Energy-
0,0.230605738575983,0.23273113708820403,0.24442082890541977,0.22688629117959616,1.0676408076514345,12.212539851222104,0.6196068012752391,25.05951115834219,4.429330499468651,119.32093517534538,1.1875664187035069,59.994155154091395,480.44048884165784,29.88623804463337,50.00903294367694,514.2646121147715,1.089479277364506,44.31972950761424,1668.1022192950054
1,0.25,0.25,0.5,0.125,5.625,12.0,4.375,34.25,6.75,129.5,-8.5,42.25,579.875,254625000000000.0,48.0,564.0,4.875,39.187625,2198.622660725
2,0.3,0.0,0.3,0.3,9.6,14.9,3.7,30.0,4.7,164.5,-4.9,39.7,474.4,414700000000000.0,69.2,563.7,5.4,45.8828,1332.55171964
