cluster,No_mbtree,No_asm,No_cabac,No_scenecut,Aq_strength,Bframes,Qcomp,Qp,Ref,Rc_lookahead,B_bias,Threads,Keyint,Crf,Scenecut,Seek,Ipratio,PSNR-,Energy-
0,0.22727272727272727,0.23689839572192514,0.2288770053475936,0.23475935828877006,1.0952941176470588,12.366310160427808,0.6173262032085562,25.529411764705884,4.419251336898395,120.64919786096257,1.5550802139037434,60.1903743315508,479.3679144385027,29.827807486631016,50.73048128342246,518.0540106951871,1.1134759358288768,44.529668360069515,1662.8378785697967
1,0.2857142857142857,0.21428571428571427,0.21428571428571427,0.21428571428571427,10.071428571428571,13.642857142857142,3.357142857142857,32.357142857142854,4.071428571428571,148.21428571428572,-15.714285714285714,65.92857142857143,333.7142857142857,344714285714285.7,43.357142857142854,594.5,8.071428571428571,47.63007142857143,1252.6590278642857
2,0.4,0.2,0.2,0.4,2.2,9.2,4.2,38.6,5.4,72.2,31.4,76.0,483.0,238600000000000.0,59.2,489.0,7.6,37.8254,1477.7880305
3,0.18181818181818182,0.09090909090909091,0.18181818181818182,0.0,7.454545454545454,12.090909090909092,4.181818181818182,23.636363636363637,4.909090909090909,146.8181818181818,9.454545454545455,55.45454545454545,590.3636363636364,425181818181818.2,34.36363636363637,626.6363636363636,9.0,54.76854545454546,1713.6308586
