cluster,No_mbtree,No_asm,No_cabac,No_scenecut,Aq_strength,Bframes,Qcomp,Qp,Ref,Rc_lookahead,B_bias,Threads,Keyint,Crf,Scenecut,Seek,Ipratio,PSNR-,Energy-
0,0.21299254526091588,0.2422790202342918,0.22257720979765708,0.24014909478168264,1.0826411075612352,12.266240681576145,0.6089989350372738,25.768370607028753,4.412140575079873,117.95793397231097,0.6682641107561236,57.70766773162939,482.2630457933972,29.315548455804045,50.284345047923324,518.8514376996806,1.1022896698615547,44.58770163294462,1769.1371982184078
1,0.3333333333333333,0.3333333333333333,0.16666666666666666,0.3333333333333333,4.333333333333333,9.333333333333334,6.666666666666667,26.166666666666668,7.0,146.0,-80.66666666666667,62.833333333333336,557.6666666666666,263166666666666.66,34.666666666666664,563.8333333333334,5.5,48.143,1838.0819090166667
2,0.3,0.4,0.4,0.1,6.1,12.9,4.2,22.9,3.9,122.4,1.4,59.2,612.7,434300000000000.0,37.7,641.2,12.1,53.853300000000004,1252.7581518900001
3,0.0,0.16666666666666666,0.0,0.16666666666666666,13.0,15.166666666666666,4.833333333333333,29.5,4.333333333333333,184.0,25.166666666666668,59.0,375.8333333333333,355166666666666.7,68.0,617.0,8.833333333333334,47.1535,2093.6319440166667
