cluster,No_mbtree,No_asm,No_cabac,No_scenecut,Aq_strength,Bframes,Qcomp,Qp,Ref,Rc_lookahead,B_bias,Threads,Keyint,Crf,Scenecut,Seek,Ipratio,PSNR-,Energy-
0,0.23890967397113844,0.23837520042757884,0.22715125601282737,0.2255478353821486,1.1065205772314268,12.102084446819882,0.6111170497060396,25.379476215927312,4.401924104756815,119.90860502405131,1.5954035275253875,59.61678246926777,482.0384820951363,30.186584714056654,49.88188134687333,508.7856761090326,1.0822554783538214,44.20873276322822,1688.478191001368
1,0.25,0.25,0.25,0.25,9.583333333333334,13.583333333333334,4.25,34.083333333333336,5.0,127.58333333333333,5.583333333333333,71.75,552.6666666666666,331166666666666.7,46.916666666666664,611.1666666666666,4.666666666666667,43.72541666666667,1548.459596058333
2,0.3076923076923077,0.3076923076923077,0.07692307692307693,0.3076923076923077,5.076923076923077,11.307692307692308,3.076923076923077,24.53846153846154,6.0,142.84615384615384,7.538461538461538,37.30769230769231,505.61538461538464,445384615384615.4,61.23076923076923,763.6153846153846,9.23076923076923,49.27892307692308,1888.9602872153846
3,0.5,0.25,0.5,0.25,3.5,11.0,4.5,35.0,4.5,63.5,8.75,79.5,457.25,235000000000000.0,34.25,499.25,5.25,39.445750000000004,1455.49465105
