cluster,No_mbtree,No_asm,No_cabac,No_scenecut,Aq_strength,Bframes,Qcomp,Qp,Ref,Rc_lookahead,B_bias,Threads,Keyint,Crf,Scenecut,Seek,Ipratio,PSNR-,Energy-
0,0.2260127931769723,0.23560767590618337,0.23667377398720682,0.2345415778251599,1.068230277185501,12.34861407249467,0.6092750533049041,25.633262260127932,4.336886993603412,118.96055437100213,0.7761194029850746,61.149253731343286,496.1194029850746,30.509061833688698,49.72174840085288,520.4925373134329,1.1041577825159916,44.019485074626864,1611.5377186224948
1,0.5,0.3333333333333333,0.16666666666666666,0.5,3.8333333333333335,16.0,3.3333333333333335,21.333333333333332,4.0,77.5,5.833333333333333,61.0,589.8333333333334,267000000000000.0,56.166666666666664,579.6666666666666,3.3333333333333335,50.7115,2173.489498316667
2,0.16666666666666666,0.16666666666666666,0.6666666666666666,0.16666666666666666,8.833333333333334,5.166666666666667,1.3333333333333333,39.333333333333336,6.166666666666667,157.16666666666666,-17.5,77.16666666666667,564.1666666666666,400833333333333.3,37.166666666666664,709.6666666666666,10.333333333333334,43.53733333333333,1081.8969002883334
