cluster,No_mbtree,No_asm,No_cabac,No_scenecut,Aq_strength,Bframes,Qcomp,Qp,Ref,Rc_lookahead,B_bias,Threads,Keyint,Crf,Scenecut,Seek,Ipratio,PSNR-,Energy-
0,0.26063829787234044,0.2074468085106383,0.2074468085106383,0.20212765957446807,1.0484042553191488,11.824468085106384,0.6377659574468085,26.95744680851064,4.4787234042553195,120.42021276595744,1.2180851063829787,60.56382978723404,491.04787234042556,30.54255319148936,48.579787234042556,509.78723404255317,1.2170212765957447,43.90515425531915,1559.057876197181
1,1.0,0.0,0.0,0.0,6.0,1.0,6.0,24.0,9.0,211.0,-34.0,21.0,167.0,301000000000000.0,65.0,209.0,9.0,47.594,2917.136463
2,0.0,0.0,0.0,0.0,8.0,14.0,1.0,8.0,8.0,107.0,-59.0,93.0,364.0,317000000000000.0,98.0,1116.0,7.0,75.847,98.75555556
