cluster,No_mbtree,No_asm,No_cabac,No_scenecut,Aq_strength,Bframes,Qcomp,Qp,Ref,Rc_lookahead,B_bias,Threads,Keyint,Crf,Scenecut,Seek,Ipratio,PSNR-,Energy-
0,0.2727272727272727,0.18181818181818182,0.2727272727272727,0.36363636363636365,12.0,14.818181818181818,3.4545454545454546,30.363636363636363,4.545454545454546,151.63636363636363,-15.727272727272727,50.72727272727273,547.7272727272727,332727272727272.75,50.18181818181818,552.9090909090909,6.0,47.004636363636365,2035.7378856000003
1,0.2297008547008547,0.2377136752136752,0.2516025641025641,0.23183760683760685,1.0727564102564102,12.23397435897436,0.6163995726495727,25.474358974358974,4.467948717948718,119.44444444444444,1.2147435897435896,58.62980769230769,482.68055555555554,29.908867521367522,49.644764957264954,515.1239316239316,1.1217414529914531,44.543107371794875,1703.0250118805395
2,0.2727272727272727,0.2727272727272727,0.18181818181818182,0.2727272727272727,6.909090909090909,11.909090909090908,2.5454545454545454,35.27272727272727,5.181818181818182,160.45454545454547,-7.363636363636363,78.45454545454545,435.0,441272727272727.25,53.0,636.3636363636364,8.818181818181818,48.89409090909091,1470.3248958845454
3,0.16666666666666666,0.6666666666666666,0.6666666666666666,0.5,2.0,15.0,4.0,25.833333333333332,8.333333333333334,140.0,-17.5,63.333333333333336,500.0,234000000000000.0,25.0,627.0,7.666666666666667,53.099,3459.1220498999996
