cluster,No_mbtree,No_asm,No_cabac,No_scenecut,Aq_strength,Bframes,Qcomp,Qp,Ref,Rc_lookahead,B_bias,Threads,Keyint,Crf,Scenecut,Seek,Ipratio,PSNR-,Energy-
0,0.2260127931769723,0.22921108742004265,0.24946695095948826,0.24093816631130063,1.0504264392324094,12.276119402985074,0.6102345415778251,25.124733475479744,4.425373134328358,119.50213219616205,0.8742004264392325,58.25692963752665,480.2185501066098,30.122494669509596,50.21855010660981,500.136460554371,1.0779317697228143,44.08586282871002,1652.6714851016097
1,0.0,0.0,0.0,0.2,9.6,10.2,2.4,18.8,7.4,172.8,-43.2,71.8,598.4,320600000000000.0,59.2,568.6,8.0,55.65260000000001,1731.4799976
2,0.0,0.25,0.0,0.0,12.25,13.0,3.0,24.0,6.75,130.5,-9.25,64.75,443.0,426500000000000.0,43.75,543.25,13.5,48.41175,2112.146349
3,0.6666666666666666,0.6666666666666666,0.6666666666666666,0.6666666666666666,1.3333333333333333,17.0,3.0,27.666666666666668,8.0,208.33333333333334,1.6666666666666667,72.33333333333333,360.3333333333333,242000000000000.0,33.333333333333336,591.6666666666666,9.333333333333334,53.629999999999995,3316.0001193000003
