cluster,No_mbtree,No_asm,No_cabac,No_scenecut,Aq_strength,Bframes,Qcomp,Qp,Ref,Rc_lookahead,B_bias,Threads,Keyint,Crf,Scenecut,Seek,Ipratio,PSNR-,Energy-
0,0.18809776833156217,0.2624867162592986,0.2316684378320935,0.24229543039319873,1.1224229543039321,12.374070138150904,0.6145589798087142,25.18384697130712,4.4091392136025505,122.78427205100957,0.37725823591923485,59.07545164718385,479.2082890541977,30.5201912858661,49.686503719447394,521.6014877789586,1.1100956429330497,43.95451788876727,1694.591948491052
1,0.14285714285714285,0.14285714285714285,0.14285714285714285,0.2857142857142857,4.428571428571429,14.714285714285714,4.142857142857143,26.571428571428573,6.0,135.57142857142858,-35.0,55.42857142857143,487.2857142857143,426571428571428.56,38.142857142857146,737.1428571428571,7.571428571428571,51.517,1328.417455357143
2,0.0,0.5,0.5,0.5,7.5,11.5,6.5,20.5,7.5,180.0,-43.0,68.5,135.5,260500000000000.0,49.0,437.5,8.0,50.6105,5279.4390935
