cluster,No_mbtree,No_asm,No_cabac,No_scenecut,Aq_strength,Bframes,Qcomp,Qp,Ref,Rc_lookahead,B_bias,Threads,Keyint,Crf,Scenecut,Seek,Ipratio,PSNR-,Energy-
0,0.1590909090909091,0.25,0.20454545454545456,0.18181818181818182,1.4954545454545454,13.5,0.7840909090909091,23.75,4.659090909090909,128.6818181818182,-13.022727272727273,66.8409090909091,674.9090909090909,31.647727272727273,50.43181818181818,424.95454545454544,1.3272727272727272,43.895613636363635,2423.895558231818
1,0.11904761904761904,0.14285714285714285,0.16666666666666666,0.2857142857142857,1.0452380952380953,12.928571428571429,0.6000000000000001,25.357142857142858,4.642857142857143,122.5952380952381,2.9047619047619047,61.976190476190474,327.7857142857143,29.476190476190474,55.333333333333336,831.9285714285714,1.0523809523809522,46.94307142857143,752.7614445190476
2,0.15,0.15,0.2,0.325,1.0074999999999998,13.2,0.56,26.3,4.45,130.5,-8.775,64.375,333.65,30.7425,50.975,421.9,1.1075,41.987175,1835.9683375324998
3,0.2727272727272727,0.2727272727272727,0.2727272727272727,0.3181818181818182,1.1318181818181818,8.318181818181818,0.49090909090909096,22.772727272727273,2.909090909090909,87.9090909090909,-2.1818181818181817,33.95454545454545,226.0909090909091,27.254545454545454,46.27272727272727,0.0,1.0863636363636362,42.766363636363636,2062.720439768182
4,0.14705882352941177,0.23529411764705882,0.17647058823529413,0.35294117647058826,1.1323529411764706,12.205882352941176,0.6441176470588236,27.0,4.470588235294118,134.58823529411765,-1.7058823529411764,68.8529411764706,665.3235294117648,30.235294117647058,50.35294117647059,844.0882352941177,0.9794117647058823,45.41173529411765,785.3463159229411
5,0.25,0.625,0.625,0.625,0.75,13.25,0.65,22.625,4.75,88.125,36.375,33.5,932.375,27.1,33.0,0.0,0.8375,41.983625,3505.4483721375
