cluster,No_mbtree,No_asm,No_cabac,No_scenecut,Aq_strength,Bframes,Qcomp,Qp,Ref,Rc_lookahead,B_bias,Threads,Keyint,Crf,Scenecut,Seek,Ipratio,PSNR-,Energy-
0,0.2281449893390192,0.20788912579957355,0.24520255863539445,0.232409381663113,1.0512793176972282,12.513859275053305,0.5909381663113007,25.834754797441363,4.398720682302772,120.22601279317698,0.15671641791044777,59.28997867803838,489.32835820895525,29.41226012793177,50.21535181236674,539.0522388059702,1.060767590618337,44.585183415223874,1562.7678620706397
1,0.5,0.3333333333333333,0.5,0.5,3.5,12.666666666666666,5.333333333333333,22.666666666666668,8.666666666666666,115.83333333333333,-39.5,70.66666666666667,300.8333333333333,264166666666666.66,31.166666666666668,605.1666666666666,7.5,55.054833333333335,2415.6894413833334
2,0.0,0.5,0.5,0.5,2.5,9.0,8.0,17.5,1.0,97.0,59.5,31.5,812.5,462500000000000.0,39.0,837.0,13.5,57.449,473.3702381
3,0.5,0.25,0.5,0.25,16.0,9.0,1.25,31.5,6.25,135.75,-2.0,79.5,464.5,359000000000000.0,34.5,574.75,10.5,47.9735,1466.395607725
