cluster,No_mbtree,No_asm,No_cabac,No_scenecut,Aq_strength,Bframes,Qcomp,Qp,Ref,Rc_lookahead,B_bias,Threads,Keyint,Crf,Scenecut,Seek,Ipratio,PSNR-,Energy-
0,0.22459893048128343,0.18181818181818182,0.25668449197860965,0.26737967914438504,1.1459893048128342,11.598930481283423,0.5754010695187166,24.486631016042782,4.593582887700535,115.68449197860963,4.037433155080214,62.44385026737968,505.14438502673795,29.873262032085563,51.13903743315508,484.6577540106952,1.1925133689839573,44.19375401069519,1612.1420714171124
1,0.0,0.0,0.0,0.0,6.0,13.0,4.0,51.0,0.0,250.0,65.0,105.0,499.0,301000000000000.0,33.0,418.0,3.0,30.757,627.8076923
2,0.0,0.0,0.0,0.0,18.0,13.0,6.0,18.0,3.0,173.0,-26.0,67.0,90.0,260000000000000.0,44.0,703.0,11.0,53.344,952.8631579
3,1.0,0.0,0.0,1.0,2.0,17.0,6.0,51.0,10.0,1.0,-1.0,128.0,167.0,234000000000000.0,1.0,418.0,12.0,31.179,1085.127273
