cluster,No_mbtree,No_asm,No_cabac,No_scenecut,Aq_strength,Bframes,Qcomp,Qp,Ref,Rc_lookahead,B_bias,Threads,Keyint,Crf,Scenecut,Seek,Ipratio,PSNR-,Energy-
0,0.2267379679144385,0.2374331550802139,0.2283422459893048,0.24331550802139038,1.0379679144385028,12.075401069518717,0.6004278074866309,25.046524064171123,4.476470588235294,119.77326203208555,2.1144385026737966,59.45561497326203,487.2,29.67668449197861,50.4475935828877,511.49358288770054,1.0779679144385026,44.37775080213904,1678.5891887508235
1,0.18181818181818182,0.36363636363636365,0.09090909090909091,0.2727272727272727,10.363636363636363,15.181818181818182,2.5454545454545454,31.636363636363637,6.0,111.9090909090909,12.545454545454545,77.36363636363636,350.72727272727275,333363636363636.4,31.90909090909091,568.3636363636364,7.636363636363637,46.30836363636364,1644.163869009091
2,0.18181818181818182,0.45454545454545453,0.18181818181818182,0.36363636363636365,4.909090909090909,10.363636363636363,4.0,22.90909090909091,4.7272727272727275,110.0,2.727272727272727,76.36363636363636,708.1818181818181,427181818181818.2,35.54545454545455,621.3636363636364,9.727272727272727,50.10009090909091,1709.6007917636364
3,0.375,0.125,0.25,0.25,5.625,9.5,4.625,19.375,4.0,104.125,20.125,44.625,499.875,249625000000000.0,62.375,637.25,3.875,51.71225,1404.241825025
