cluster,No_mbtree,No_asm,No_cabac,No_scenecut,Aq_strength,Bframes,Qcomp,Qp,Ref,Rc_lookahead,B_bias,Threads,Keyint,Crf,Scenecut,Seek,Ipratio,PSNR-,Energy-
0,0.22282608695652173,0.22826086956521738,0.20652173913043478,0.266304347826087,1.0222826086956522,11.23913043478261,0.6206521739130435,24.42391304347826,4.413043478260869,113.91847826086956,0.9510869565217391,57.65217391304348,472.7717391304348,29.698913043478264,47.86413043478261,473.1467391304348,1.1304347826086956,44.41707608695652,1688.3993861163044
1,0.0,0.6666666666666666,0.3333333333333333,0.3333333333333333,7.0,17.0,3.0,13.333333333333334,5.333333333333333,154.0,32.0,14.0,444.6666666666667,412666666666666.7,33.0,766.3333333333334,6.0,61.321333333333335,1351.8403343333332
2,0.6666666666666666,0.3333333333333333,0.3333333333333333,0.3333333333333333,2.3333333333333335,5.0,4.666666666666667,20.0,4.333333333333333,95.33333333333333,5.666666666666667,30.0,507.0,243000000000000.0,54.0,558.0,3.0,48.478,2093.341499333333
