cluster,No_mbtree,No_asm,No_cabac,No_scenecut,Aq_strength,Bframes,Qcomp,Qp,Ref,Rc_lookahead,B_bias,Threads,Keyint,Crf,Scenecut,Seek,Ipratio,PSNR-,Energy-
0,0.21413276231263384,0.24197002141327623,0.22698072805139186,0.2558886509635974,1.0990364025695931,12.0610278372591,0.5990364025695931,25.24732334047109,4.383297644539614,118.42291220556746,2.8961456102783725,58.779443254817984,484.01177730192717,30.073875802997858,50.4186295503212,516.4175588865096,1.0852248394004282,44.274334047109214,1674.808265909882
1,0.16666666666666666,0.3333333333333333,0.16666666666666666,0.16666666666666666,7.666666666666667,7.333333333333333,5.166666666666667,25.333333333333332,5.166666666666667,148.83333333333334,20.166666666666668,49.0,505.6666666666667,301500000000000.0,64.16666666666667,536.6666666666666,8.0,50.01066666666667,3545.1428242716665
2,0.5,0.5,0.5,0.3333333333333333,8.833333333333334,13.666666666666666,1.5,30.5,5.5,173.66666666666666,-2.0,57.5,317.6666666666667,418833333333333.3,53.5,509.5,6.833333333333333,49.100500000000004,2448.6998936333334
3,0.25,0.25,0.0,0.25,1.75,14.75,5.75,17.5,8.25,149.5,-39.0,55.0,583.25,233250000000000.0,35.25,521.5,10.0,58.362,4171.700229625
