cluster,No_mbtree,No_asm,No_cabac,No_scenecut,Aq_strength,Bframes,Qcomp,Qp,Ref,Rc_lookahead,B_bias,Threads,Keyint,Crf,Scenecut,Seek,Ipratio,PSNR-,Energy-
0,0.19047619047619047,0.20238095238095238,0.20238095238095238,0.2976190476190476,1.0869047619047618,12.410714285714286,0.5750000000000001,24.886904761904763,4.529761904761905,126.48214285714286,-1.7023809523809523,60.404761904761905,512.0416666666666,30.00357142857143,51.43452380952381,545.547619047619,1.0505952380952381,44.15466071428572,1713.5246073083333
1,0.0,0.0,0.0,0.0,13.0,14.0,1.0,32.0,9.0,203.0,69.0,17.0,732.0,475000000000000.0,41.0,840.0,18.0,46.48,517.0606061
3,0.3157894736842105,0.47368421052631576,0.2631578947368421,0.2631578947368421,0.8894736842105262,9.0,0.5263157894736842,26.736842105263158,4.0,57.21052631578947,5.421052631578948,22.789473684210527,354.8421052631579,25.873684210526317,41.1578947368421,67.10526315789474,1.263157894736842,45.49421052631579,4161.565270254211
5,0.0,0.5,0.5,0.5,1.1,6.0,0.6,15.5,3.5,145.0,50.0,2.0,84.0,50.0,36.5,0.0,0.7,28.265,1254.369146
