cluster,No_mbtree,No_asm,No_cabac,No_scenecut,Aq_strength,Bframes,Qcomp,Qp,Ref,Rc_lookahead,B_bias,Threads,Keyint,Crf,Scenecut,Seek,Ipratio,PSNR-,Energy-
0,0.25668449197860965,0.22994652406417113,0.19786096256684493,0.2192513368983957,1.097326203208556,11.903743315508022,0.6213903743315509,25.684491978609625,4.374331550802139,114.19786096256685,7.080213903743315,59.04812834224599,473.98395721925135,29.28823529411765,49.23529411764706,494.8716577540107,1.0893048128342246,44.92294652406417,1750.4791192549199
1,0.5,0.0,0.0,0.0,8.0,13.0,0.5,34.0,6.5,149.0,-32.0,72.5,360.5,423000000000000.0,54.5,332.0,3.5,45.998999999999995,2167.7631734
2,0.0,0.0,0.0,0.0,0.0,14.0,2.0,42.0,3.0,160.0,90.0,61.0,879.0,277000000000000.0,41.0,817.0,8.0,39.031,364.9333333
