cluster,No_mbtree,No_asm,No_cabac,No_scenecut,Aq_strength,Bframes,Qcomp,Qp,Ref,Rc_lookahead,B_bias,Threads,Keyint,Crf,Scenecut,Seek,Ipratio,PSNR-,Energy-
0,0.2122905027932961,0.26256983240223464,0.2122905027932961,0.2737430167597765,1.005586592178771,13.162011173184357,0.6072625698324022,25.6536312849162,4.675977653631285,124.37988826815642,-2.82122905027933,61.10614525139665,471.9441340782123,29.967597765363127,51.93296089385475,498.3743016759777,1.0284916201117318,44.17302793296089,1710.62576160838
1,0.0,1.0,0.0,0.0,3.0,1.0,1.0,40.0,10.0,250.0,-67.0,84.0,665.0,435000000000000.0,33.0,836.0,15.0,40.495,1658.19012
3,0.1,0.6,0.5,0.3,0.9199999999999999,4.7,0.48,22.0,3.3,58.6,4.7,17.9,238.8,23.59,47.2,0.0,1.19,44.3017,4569.829097
