cluster,No_mbtree,No_asm,No_cabac,No_scenecut,Aq_strength,Bframes,Qcomp,Qp,Ref,Rc_lookahead,B_bias,Threads,Keyint,Crf,Scenecut,Seek,Ipratio,PSNR-,Energy-
0,0.22234042553191488,0.23404255319148937,0.2127659574468085,0.22446808510638297,1.0507446808510637,12.268085106382978,0.6054255319148937,25.554255319148936,4.48936170212766,117.67765957446808,0.0010638297872340426,59.94787234042553,499.10744680851064,29.851063829787233,49.492553191489364,512.4787234042553,1.0956382978723402,44.32683723404255,1672.4651138900106
1,0.3333333333333333,0.3333333333333333,0.0,0.3333333333333333,2.0,19.333333333333332,3.0,13.333333333333334,5.666666666666667,204.66666666666666,29.0,24.666666666666668,339.6666666666667,436666666666666.7,30.333333333333332,335.0,6.0,51.797666666666665,4557.643866666666
2,0.5714285714285714,0.2857142857142857,0.42857142857142855,0.5714285714285714,6.285714285714286,12.714285714285714,4.142857142857143,29.714285714285715,6.571428571428571,109.28571428571429,-37.142857142857146,58.714285714285715,542.7142857142857,270857142857142.84,45.857142857142854,512.7142857142857,4.571428571428571,44.879999999999995,2046.0444116657143
