cluster,No_mbtree,No_asm,No_cabac,No_scenecut,Aq_strength,Bframes,Qcomp,Qp,Ref,Rc_lookahead,B_bias,Threads,Keyint,Crf,Scenecut,Seek,Ipratio,PSNR-,Energy-
0,0.24481106971793506,0.22245875465673232,0.22405534858967535,0.22139435870143692,1.0953698775944651,12.320383182543907,0.6010111761575305,25.649281532730175,4.459286854709952,117.82277807344332,-1.0228845130388504,59.25492283129324,483.8467269824375,30.11341138903672,50.300159659393294,520.0473656200106,1.1003193187865885,44.39954922831293,1624.036990012182
1,0.25,0.5,0.25,0.375,8.0,13.625,4.25,34.0,3.625,138.875,6.375,63.375,456.625,326375000000000.0,39.625,487.625,5.375,44.377375,1906.063779425
2,0.16666666666666666,0.16666666666666666,0.3333333333333333,0.3333333333333333,6.333333333333333,14.833333333333334,2.6666666666666665,17.0,6.666666666666667,148.66666666666666,46.666666666666664,52.833333333333336,587.1666666666666,441833333333333.3,46.166666666666664,636.3333333333334,6.0,52.903999999999996,2094.300095833333
3,0.42857142857142855,0.14285714285714285,0.14285714285714285,0.2857142857142857,2.2857142857142856,10.571428571428571,4.142857142857143,28.428571428571427,5.428571428571429,113.42857142857143,13.714285714285714,53.285714285714285,420.57142857142856,238714285714285.72,55.142857142857146,374.0,7.571428571428571,45.877428571428574,2461.8633930714286
