cluster,No_mbtree,No_asm,No_cabac,No_scenecut,Aq_strength,Bframes,Qcomp,Qp,Ref,Rc_lookahead,B_bias,Threads,Keyint,Crf,Scenecut,Seek,Ipratio,PSNR-,Energy-
0,0.26063829787234044,0.26595744680851063,0.2127659574468085,0.19680851063829788,1.0138297872340425,12.308510638297872,0.5819148936170213,25.78191489361702,4.404255319148936,121.45212765957447,-2.6382978723404253,57.537234042553195,486.6329787234043,28.581914893617025,49.579787234042556,536.1914893617021,1.023404255319149,45.5989113475,1811.8055883370746
1,0.0,0.0,0.0,0.0,2.0,3.0,2.0,32.0,0.0,87.0,50.0,51.0,568.0,486000000000000.0,57.0,455.0,19.0,43.209,794.59375
2,0.0,0.0,0.0,0.0,1.0,7.0,7.0,39.0,3.0,94.0,23.0,91.0,957.0,284000000000000.0,49.0,1230.0,2.0,100.0,0.0
