cluster,No_mbtree,No_asm,No_cabac,No_scenecut,Aq_strength,Bframes,Qcomp,Qp,Ref,Rc_lookahead,B_bias,Threads,Keyint,Crf,Scenecut,Seek,Ipratio,PSNR-,Energy-
0,0.2291220556745182,0.2366167023554604,0.22376873661670235,0.22162740899357602,1.0982869379014988,12.207708779443255,0.6413276231263383,25.87473233404711,4.419700214132762,119.43361884368308,2.349036402569593,59.356531049250535,489.0310492505353,29.89603854389722,50.021413276231264,517.9443254817987,1.116916488222698,44.42677194860814,1637.1094886301928
1,0.0,0.0,0.0,0.14285714285714285,8.714285714285714,11.428571428571429,3.7142857142857144,15.857142857142858,6.571428571428571,105.85714285714286,3.5714285714285716,48.714285714285715,556.1428571428571,381285714285714.3,51.0,752.2857142857143,11.714285714285714,58.174142857142854,1430.3529213285713
2,0.2222222222222222,0.1111111111111111,0.1111111111111111,0.0,9.222222222222221,11.333333333333334,1.8888888888888888,17.0,5.777777777777778,124.33333333333333,-47.333333333333336,36.111111111111114,457.0,266000000000000.0,43.666666666666664,735.2222222222222,5.111111111111111,63.945888888888895,1163.2867922333332
