cluster,No_mbtree,No_asm,No_cabac,No_scenecut,Aq_strength,Bframes,Qcomp,Qp,Ref,Rc_lookahead,B_bias,Threads,Keyint,Crf,Scenecut,Seek,Ipratio,PSNR-,Energy-
0,0.2297872340425532,0.225531914893617,0.2425531914893617,0.2404255319148936,1.0512765957446808,12.03191489361702,0.6125531914893618,25.311702127659576,4.598936170212766,117.37978723404255,1.023404255319149,59.33723404255319,490.8744680851064,29.69053191489362,50.488297872340425,503.60744680851064,1.1298936170212766,44.56302287234042,1729.0979496839468
1,0.25,0.0,0.25,0.0,8.25,8.5,4.25,27.0,4.25,220.0,5.75,77.75,221.75,282000000000000.0,43.0,464.0,10.25,46.25275,1596.00355955
2,0.6666666666666666,0.6666666666666666,0.3333333333333333,0.6666666666666666,11.0,17.0,2.3333333333333335,29.333333333333332,6.333333333333333,99.0,77.33333333333333,77.66666666666667,554.3333333333334,390333333333333.3,39.333333333333336,418.0,5.0,42.42633333333333,3939.950761333333
3,0.3333333333333333,0.0,0.0,0.3333333333333333,6.666666666666667,8.666666666666666,6.333333333333333,41.0,8.0,43.666666666666664,58.333333333333336,95.66666666666667,594.3333333333334,223666666666666.66,53.666666666666664,842.3333333333334,13.333333333333334,47.285333333333334,463.6776095333334
