cluster,No_mbtree,No_asm,No_cabac,No_scenecut,Aq_strength,Bframes,Qcomp,Qp,Ref,Rc_lookahead,B_bias,Threads,Keyint,Crf,Scenecut,Seek,Ipratio,PSNR-,Energy-
0,0.2208,0.24,0.22826666666666667,0.24853333333333333,1.0780266666666667,12.2496,0.6006400000000001,25.197333333333333,4.405866666666666,120.18346666666666,1.7184,59.2208,484.3104,29.8872,50.010133333333336,521.3184,1.0842666666666667,44.302835200000004,1655.7619913742026
1,0.2,0.4,0.4,0.4,10.3,11.5,4.2,20.6,6.6,136.3,-7.1,48.5,401.4,327100000000000.0,63.9,564.4,6.0,54.1553,3474.655492133
2,0.3333333333333333,0.3333333333333333,0.1111111111111111,0.2222222222222222,4.222222222222222,14.333333333333334,4.777777777777778,23.11111111111111,6.444444444444445,137.66666666666666,-21.666666666666668,67.11111111111111,571.1111111111111,242666666666666.66,28.666666666666668,627.6666666666666,8.88888888888889,52.553111111111114,3047.0645773444444
3,0.3333333333333333,0.3333333333333333,0.3333333333333333,0.16666666666666666,6.833333333333333,13.333333333333334,3.3333333333333335,33.0,4.5,154.66666666666666,7.666666666666667,65.33333333333333,350.3333333333333,430166666666666.7,54.333333333333336,538.1666666666666,7.166666666666667,45.35516666666666,2099.3645234666665
