cluster,No_mbtree,No_asm,No_cabac,No_scenecut,Aq_strength,Bframes,Qcomp,Qp,Ref,Rc_lookahead,B_bias,Threads,Keyint,Crf,Scenecut,Seek,Ipratio,PSNR-,Energy-
0,0.2592394215318693,0.24263524370648099,0.20728441349758972,0.2244242099625067,1.070112479914301,12.419389394750937,0.6245848955543654,25.385109801821102,4.4161756829137655,117.6598821638993,0.9667916443492234,59.47777182645956,489.935190144617,30.12281735404392,49.71933583288698,507.1826459560793,1.1416711301553295,44.24739475093733,1699.133812290632
1,0.35294117647058826,0.35294117647058826,0.47058823529411764,0.29411764705882354,10.823529411764707,11.764705882352942,2.588235294117647,29.941176470588236,4.294117647058823,87.58823529411765,21.88235294117647,72.82352941176471,424.94117647058823,338000000000000.0,44.76470588235294,767.4705882352941,7.176470588235294,51.20570588235294,1321.4034299747057
2,0.375,0.25,0.375,0.25,2.625,17.5,2.0,14.75,7.125,137.875,24.625,75.375,228.25,241500000000000.0,26.875,785.75,11.0,67.657375,865.44296895
3,0.375,0.25,0.25,0.125,5.625,12.75,4.375,31.75,4.25,143.375,-32.125,58.125,434.125,431500000000000.0,52.625,658.125,8.25,48.43725,949.1128962375
