cluster,No_mbtree,No_asm,No_cabac,No_scenecut,Aq_strength,Bframes,Qcomp,Qp,Ref,Rc_lookahead,B_bias,Threads,Keyint,Crf,Scenecut,Seek,Ipratio,PSNR-,Energy-
0,0.2332624867162593,0.23432518597236981,0.23113708820403825,0.2359192348565356,1.0797555791710944,12.158342189160468,0.6127523910733262,25.554197662061636,4.37672688629118,118.64930924548352,-0.7895855472901169,59.742826780021254,488.14930924548355,29.806588735387884,50.446333687566415,517.8315621679064,1.128692879914984,44.54283634431456,1672.0133326077416
1,0.2222222222222222,0.2222222222222222,0.3333333333333333,0.1111111111111111,9.333333333333334,10.0,4.777777777777778,26.666666666666668,5.555555555555555,130.44444444444446,-12.777777777777779,68.22222222222223,465.6666666666667,339888888888888.9,45.77777777777778,564.4444444444445,5.111111111111111,50.44211111111112,1857.3860339333332
2,0.2,0.2,0.6,0.2,6.2,14.0,5.6,13.8,3.4,92.0,42.2,16.0,743.0,439600000000000.0,17.8,860.0,7.6,58.9766,667.91780422
3,0.25,0.25,0.25,0.25,8.75,11.5,4.5,34.5,7.0,88.25,35.25,99.25,546.5,241750000000000.0,32.25,849.0,11.25,49.99325,962.8998399000001
