cluster,No_mbtree,No_asm,No_cabac,No_scenecut,Aq_strength,Bframes,Qcomp,Qp,Ref,Rc_lookahead,B_bias,Threads,Keyint,Crf,Scenecut,Seek,Ipratio,PSNR-,Energy-
0,0.23085163363685057,0.2351365827530798,0.24156400642742368,0.2329941081949652,1.0651847884306374,12.276379217996785,0.6078735940010713,25.00856989823246,4.4477771826459565,120.31815747188003,0.8007498660953402,58.76272094268881,479.10176754151047,29.79212640599893,49.96357793251205,507.88269951794325,1.0875736475629352,44.40695840028388,1695.1749608533905
1,0.0,0.2222222222222222,0.2222222222222222,0.1111111111111111,10.0,11.88888888888889,3.3333333333333335,18.333333333333332,4.666666666666667,151.66666666666666,9.444444444444445,50.333333333333336,548.8888888888889,439555555555555.56,42.55555555555556,713.8888888888889,8.444444444444445,55.02788888888889,1421.3166752411112
2,0.15384615384615385,0.15384615384615385,0.15384615384615385,0.3076923076923077,8.538461538461538,13.692307692307692,2.6923076923076925,21.53846153846154,5.615384615384615,108.15384615384616,-14.538461538461538,69.0,485.15384615384613,318076923076923.06,53.0,709.6153846153846,7.076923076923077,55.26530769230769,1427.6699753353846
3,0.36363636363636365,0.45454545454545453,0.5454545454545454,0.45454545454545453,6.7272727272727275,14.363636363636363,2.6363636363636362,29.0,6.0,134.9090909090909,1.4545454545454546,51.0,477.0,233181818181818.2,39.18181818181818,617.6363636363636,8.090909090909092,50.42936363636363,1798.4785996909093
