cluster,No_mbtree,No_asm,No_cabac,No_scenecut,Aq_strength,Bframes,Qcomp,Qp,Ref,Rc_lookahead,B_bias,Threads,Keyint,Crf,Scenecut,Seek,Ipratio,PSNR-,Energy-
0,0.27807486631016043,0.20855614973262032,0.2192513368983957,0.20855614973262032,1.011764705882353,12.411764705882353,0.5903743315508022,25.27807486631016,4.181818181818182,114.02139037433155,-6.3689839572192515,58.37433155080214,486.7860962566845,30.397326203208557,51.27807486631016,492.4064171122995,1.167379679144385,44.01434224598931,1665.833777240642
1,0.5,0.5,1.0,0.0,6.0,11.0,2.0,45.5,4.0,146.5,48.5,116.5,250.0,301000000000000.0,57.0,627.0,7.5,43.0745,1064.31140145
2,0.0,0.0,0.0,0.0,19.0,3.0,8.0,44.0,8.0,74.0,-5.0,101.0,213.0,339000000000000.0,12.0,656.0,1.0,35.091,782.5
