cluster,No_mbtree,No_asm,No_cabac,No_scenecut,Aq_strength,Bframes,Qcomp,Qp,Ref,Rc_lookahead,B_bias,Threads,Keyint,Crf,Scenecut,Seek,Ipratio,PSNR-,Energy-
0,0.25773745997865527,0.21878335112059766,0.2321237993596585,0.23852721451440767,1.0640875133404482,12.26520811099253,0.5956243329775881,25.16488794023479,4.389541088580576,118.90981856990395,0.20704375667022412,59.83617929562433,486.7241195304162,29.365421558164357,49.75186766275347,507.2940234791889,1.0667556029882603,44.56140359302562,1672.5657634216968
1,0.09090909090909091,0.2727272727272727,0.09090909090909091,0.2727272727272727,9.454545454545455,16.636363636363637,3.090909090909091,28.0,3.272727272727273,140.8181818181818,-23.363636363636363,51.09090909090909,446.09090909090907,337818181818181.8,41.63636363636363,635.5454545454545,6.181818181818182,50.46809090909091,953.6584907154546
2,0.0,0.4,0.2,0.2,3.0,15.6,1.8,34.0,1.6,138.4,56.6,106.2,634.8,434000000000000.0,36.0,481.6,10.4,41.108000000000004,2065.1257384259998
3,0.1,0.4,0.2,0.0,6.9,12.4,6.0,29.8,5.5,67.5,16.7,86.8,566.8,249000000000000.0,38.5,557.1,8.1,51.6862,2788.686881358
