cluster,No_mbtree,No_asm,No_cabac,No_scenecut,Aq_strength,Bframes,Qcomp,Qp,Ref,Rc_lookahead,B_bias,Threads,Keyint,Crf,Scenecut,Seek,Ipratio,PSNR-,Energy-
0,0.07142857142857142,0.30952380952380953,0.16666666666666666,0.21428571428571427,1.1928571428571426,13.642857142857142,0.8,25.214285714285715,4.476190476190476,129.5952380952381,2.4761904761904763,64.42857142857143,666.7857142857143,31.21666666666667,51.404761904761905,831.9761904761905,1.0547619047619048,46.613285714285716,895.2773581142858
1,0.42857142857142855,0.25,0.32142857142857145,0.39285714285714285,0.9785714285714285,10.285714285714286,0.5750000000000001,21.892857142857142,4.035714285714286,93.10714285714286,-6.714285714285714,40.75,226.42857142857142,28.25714285714286,52.892857142857146,5.642857142857143,1.1142857142857143,43.00957142857143,2361.370080325
2,0.26,0.44,0.18,0.16,1.038,14.0,0.7460000000000001,23.72,4.74,123.56,-1.48,67.02,684.94,33.702,51.18,383.2,1.1039999999999999,41.888580000000005,2767.20706598
3,0.23076923076923078,0.1282051282051282,0.3076923076923077,0.23076923076923078,1.0384615384615385,13.948717948717949,0.5820512820512821,26.435897435897434,4.461538461538462,139.23076923076923,11.179487179487179,63.82051282051282,326.6923076923077,31.043589743589745,48.02564102564103,426.43589743589746,0.9487179487179487,42.689564102564105,1716.3506908179488
4,0.25806451612903225,0.12903225806451613,0.25806451612903225,0.22580645161290322,1.0387096774193547,11.838709677419354,0.6580645161290323,25.225806451612904,4.451612903225806,121.48387096774194,-7.064516129032258,66.58064516129032,334.0,28.448387096774194,56.354838709677416,836.0,1.0838709677419354,47.82851612903226,733.517365716129
