cluster,No_mbtree,No_asm,No_cabac,No_scenecut,Aq_strength,Bframes,Qcomp,Qp,Ref,Rc_lookahead,B_bias,Threads,Keyint,Crf,Scenecut,Seek,Ipratio,PSNR-,Energy-
0,0.21695095948827292,0.24093816631130063,0.23880597014925373,0.232409381663113,1.1091684434968017,12.228678038379531,0.6231876332622602,25.368336886993603,4.398720682302772,120.60820895522389,1.0314498933901919,59.58582089552239,483.19936034115136,30.289818763326227,49.61620469083156,524.6950959488273,1.1473347547974415,44.322692075335816,1642.8835893232995
1,0.21428571428571427,0.35714285714285715,0.14285714285714285,0.35714285714285715,5.714285714285714,13.642857142857142,5.0,32.57142857142857,5.285714285714286,141.28571428571428,-6.571428571428571,69.92857142857143,432.0,273428571428571.44,39.07142857142857,572.1428571428571,8.0,45.647642857142856,2342.124945557143
2,0.1,0.1,0.1,0.2,4.8,11.4,3.9,23.2,5.9,155.6,-25.9,59.4,420.6,433200000000000.0,44.5,627.6,8.0,51.98350000000001,1749.8012086200001
