cluster,No_mbtree,No_asm,No_cabac,No_scenecut,Aq_strength,Bframes,Qcomp,Qp,Ref,Rc_lookahead,B_bias,Threads,Keyint,Crf,Scenecut,Seek,Ipratio,PSNR-,Energy-
0,0.26737967914438504,0.24705882352941178,0.20748663101604278,0.24171122994652405,1.0750802139037432,12.231016042780748,0.6064171122994653,25.40534759358289,4.383957219251337,116.91657754010696,0.8748663101604278,59.2716577540107,487.096256684492,30.15251336898396,49.867379679144385,503.22673796791446,1.13903743315508,44.21017860962567,1674.2685100640963
1,0.2857142857142857,0.2857142857142857,0.7142857142857143,0.42857142857142855,10.142857142857142,18.857142857142858,5.285714285714286,23.571428571428573,3.5714285714285716,145.57142857142858,-25.571428571428573,41.857142857142854,600.1428571428571,396142857142857.1,57.42857142857143,772.4285714285714,7.0,54.54642857142857,1693.0002220000001
2,0.6,0.4,0.4,0.2,6.8,10.8,3.4,35.8,3.4,123.0,45.4,77.0,434.8,306400000000000.0,42.0,783.0,8.0,48.193200000000004,919.394096134
3,1.0,0.3333333333333333,0.3333333333333333,0.3333333333333333,2.0,18.333333333333332,2.6666666666666665,13.333333333333334,8.666666666666666,168.0,10.0,70.0,334.0,234000000000000.0,22.333333333333332,766.3333333333334,10.666666666666666,69.77866666666667,1116.0118792
