{"SS-A": [{"best_d2h": 0.1951597355979133, "all_d2h": [0.1951597355979133, 0.6218368752482608, 0.8663855812510718]}], "SS-B": [{"best_d2h": 0.4535804190276037, "all_d2h": [0.4535804190276037, 0.5788534996992807, 0.6583559036035831, 0.675133046970367]}], "SS-C": [{"best_d2h": 0.24265066312113118, "all_d2h": [0.24265066312113118, 0.7008962456246843, 0.8603498506156474]}], "SS-D": [{"best_d2h": 0.4214305652563949, "all_d2h": [0.4214305652563949, 0.5057746507434323, 0.5582739214016427]}], "SS-E": [{"best_d2h": 0.31421091548551994, "all_d2h": [0.31421091548551994, 0.31774665766986604, 0.43949733577880246]}], "SS-F": [{"best_d2h": 0.45191153341299906, "all_d2h": [0.45191153341299906, 0.5506632954201877, 0.5604320945847056]}], "SS-G": [{"best_d2h": 0.4687869218245768, "all_d2h": [0.4687869218245768, 0.553560431623973, 0.5622285216455143]}], "SS-H": [{"best_d2h": 0.6115999109649887, "all_d2h": [0.6115999109649887, 0.862186844139121, 0.9641365847823827]}], "SS-I": [{"best_d2h": 0.3750417777404271, "all_d2h": [0.3750417777404271, 0.3767571776093115, 0.3777040374589177, 0.3788868139728313]}], "SS-J": [{"best_d2h": 0.5083476400493775, "all_d2h": [0.5083476400493775, 0.5105963683564272, 0.511872625553132, 0.523658494278498]}], "SS-K": [{"best_d2h": 0.36514480728934423, "all_d2h": [0.36514480728934423, 0.5196006245803358, 0.5514018487952893, 0.5514051197856897]}], "SS-L": [{"best_d2h": 0.5002941178659019, "all_d2h": [0.5002941178659019, 0.5685218098741784, 0.5811909655610362, 0.6012999888868651, 0.7353183958808623]}], "SS-M": [{"best_d2h": 0.018421007876787864, "all_d2h": [0.018421007876787864, 0.753629204032813, 0.9993565562198211, 1.0]}], "SS-N": [{"best_d2h": 0.24761770631823937, "all_d2h": [0.24761770631823937, 0.29308758638668764, 0.3002640380496759, 0.301092027375797]}], "SS-O": [{"best_d2h": 0.02917830751685663, "all_d2h": [0.02917830751685663, 0.02918316487284266, 0.029249973080724904, 0.029303029886315824, 0.029423216962489458]}]}